filename,label
tiktok_7433298451175132449__c0.mp4,1
tiktok_7455960542059056406__c0.mp4,1
tiktok_7462684273934388512__c0.mp4,1
tiktok_7462684273934388512__c1.mp4,1
tiktok_7462684273934388512__c2.mp4,1
tiktok_7462684273934388512__c3.mp4,1
tiktok_7465629056185273622__c0.mp4,1
tiktok_7465629056185273622__c1.mp4,1
tiktok_7467205226244672790__c0.mp4,1
tiktok_7480361167077035294__c0.mp4,1
tiktok_7497186305714015530__c0.mp4,1
tiktok_7500877778238115094__c0.mp4,1
tiktok_7509409041702063368__c0.mp4,1
tiktok_7511463292280327446__c0.mp4,1
tiktok_7511463292280327446__c1.mp4,1
tiktok_7520018091129048342__c0.mp4,1
tiktok_7520018091129048342__c1.mp4,1
tiktok_7522717671834586381__c0.mp4,1
tiktok_7566290522101255431__c0.mp4,1
tiktok_7566290522101255431__c1.mp4,1
tiktok_7579681032106937620__c0.mp4,1
tiktok_7592601386177547523__c0.mp4,1
tiktok_7593666128564522247__c0.mp4,1
tiktok_7595281662313860374__c0.mp4,1
tiktok_7596066682574032149__c0.mp4,1
tiktok_7598003613549563158__c0.mp4,1
tiktok_7599377532252818690__c0.mp4,1
tiktok_7608604640581602582__c0.mp4,1
tiktok_7608604640581602582__c1.mp4,1
tiktok_7608604640581602582__c2.mp4,1
tiktok_7608604640581602582__c3.mp4,1
tiktok_7608604640581602582__c4.mp4,1
tiktok_7608604640581602582__c5.mp4,1
tiktok_7608611704909630742__c0.mp4,1
tiktok_7608611704909630742__c1.mp4,1
tiktok_7608611704909630742__c2.mp4,1
tiktok_7608612109299043606__c0.mp4,1
tiktok_7608612109299043606__c1.mp4,1
tiktok_7608612109299043606__c2.mp4,1
tiktok_7608612109299043606__c3.mp4,1
tiktok_7609012505318493442__c0.mp4,1
tiktok_7609012505318493442__c1.mp4,1
tiktok_7609012505318493442__c2.mp4,1
tiktok_7609753824902876438__c0.mp4,1
tiktok_7609753824902876438__c1.mp4,1
tiktok_7615212690805525781__c0.mp4,1
tiktok_7617075215205649671__c0.mp4,1
tiktok_7617084791090892040__c0.mp4,1
tiktok_7621229118134422805__c0.mp4,1
tiktok_7621229118134422805__c1.mp4,1
tiktok_7621229118134422805__c2.mp4,1
tiktok_7621229118134422805__c3.mp4,1
tiktok_7621229118134422805__c4.mp4,1
tiktok_7621229118134422805__c5.mp4,1
tiktok_7622829632299076886__c0.mp4,1
tiktok_7631221858007797014__c0.mp4,1
tiktok_7637612019356618006__c0.mp4,1
tiktok_7637612019356618006__c1.mp4,1
tiktok_7637612019356618006__c2.mp4,1
tiktok_7637612019356618006__c3.mp4,1
tiktok_7638666215409339680__c0.mp4,1
tiktok_7645043864897588513__c0.mp4,1
tiktok_7648671356678065440__c0.mp4,1
tiktok_7663777196204510484__c0.mp4,1
tiktok_7663777196204510484__c1.mp4,1
tiktok_7663777196204510484__c2.mp4,1
tiktok_7663777196204510484__c3.mp4,1
tiktok_7663777196204510484__c4.mp4,1
tiktok_7663777196204510484__c5.mp4,1
tiktok_7664028932978527502__c0.mp4,1
tiktok_7664028932978527502__c1.mp4,1
tiktok_7664028932978527502__c2.mp4,1
tiktok_7664028932978527502__c3.mp4,1
tiktok_7664132541095365902__c0.mp4,1
tiktok_7664132541095365902__c1.mp4,1
tiktok_7664325579893640470__c0.mp4,1
tiktok_7664382479498808590__c0.mp4,1
tiktok_7664382479498808590__c1.mp4,1
tiktok_7665299083896114464__c0.mp4,1
youtube_-4UsdX7Dauo__c0.mp4,1
youtube_-4UsdX7Dauo__c1.mp4,1
youtube_-4UsdX7Dauo__c2.mp4,1
youtube_-4UsdX7Dauo__c3.mp4,1
youtube_09ltVMUj11I__c0.mp4,1
youtube_0QJl26pJKBg__c0.mp4,1
youtube_1M31reTVZtI__c0.mp4,1
youtube_1M31reTVZtI__c1.mp4,1
youtube_1b534TaE1Gk__c0.mp4,1
youtube_1b534TaE1Gk__c1.mp4,1
youtube_1b534TaE1Gk__c2.mp4,1
youtube_1b534TaE1Gk__c3.mp4,1
youtube_1b534TaE1Gk__c4.mp4,1
youtube_1b534TaE1Gk__c5.mp4,1
youtube_1gLTX13F0Xg__c0.mp4,1
youtube_47htyEp2eC4__c0.mp4,1
youtube_4D_5wXnUOy4__c0.mp4,1
youtube_4D_5wXnUOy4__c1.mp4,1
youtube_4D_5wXnUOy4__c2.mp4,1
youtube_4rfNo0TN9j4__c0.mp4,1
youtube_4zn113ThOm8__c0.mp4,1
youtube_4zn113ThOm8__c1.mp4,1
youtube_4zn113ThOm8__c2.mp4,1
youtube_4zn113ThOm8__c3.mp4,1
youtube_4zn113ThOm8__c4.mp4,1
youtube_4zn113ThOm8__c5.mp4,1
youtube_6hOdSy8wwq8__c0.mp4,1
youtube_6hOdSy8wwq8__c1.mp4,1
youtube_6hOdSy8wwq8__c2.mp4,1
youtube_6x4PEl8Yabk__c0.mp4,1
youtube_7DE6bi4o-Q0__c0.mp4,1
youtube_7DE6bi4o-Q0__c1.mp4,1
youtube_7ftiZmiHH_4__c0.mp4,1
youtube_7ftiZmiHH_4__c1.mp4,1
youtube_7ydhJDqzpEo__c0.mp4,1
youtube_7ydhJDqzpEo__c1.mp4,1
youtube_7ydhJDqzpEo__c2.mp4,1
youtube_8MZNJbas29o__c0.mp4,1
youtube_8MZNJbas29o__c1.mp4,1
youtube_8MZNJbas29o__c2.mp4,1
youtube_8tSNYhe7W6U__c0.mp4,1
youtube_9WLeiwwD-Gg__c0.mp4,1
youtube_9WLeiwwD-Gg__c1.mp4,1
youtube_9YLjwplT2xg__c1.mp4,1
youtube_9YLjwplT2xg__c2.mp4,1
youtube_9YLjwplT2xg__c3.mp4,1
youtube_9ag9utFdHQ8__c0.mp4,1
youtube_9ag9utFdHQ8__c1.mp4,1
youtube_A-Fb8afn4X4__c0.mp4,1
youtube_A-Fb8afn4X4__c1.mp4,1
youtube_A-Fb8afn4X4__c2.mp4,1
youtube_A-Fb8afn4X4__c3.mp4,1
youtube_ADn4tHIMe_E__c0.mp4,1
youtube_ADn4tHIMe_E__c1.mp4,1
youtube_AUbuxTT1ZY8__c0.mp4,1
youtube_AUbuxTT1ZY8__c1.mp4,1
youtube_A_JBLorl_MM__c0.mp4,1
youtube_A_JBLorl_MM__c1.mp4,1
youtube_A_JBLorl_MM__c2.mp4,1
youtube_BP3szXs3LBk__c0.mp4,1
youtube_BP3szXs3LBk__c1.mp4,1
youtube_BP3szXs3LBk__c2.mp4,1
youtube_BP3szXs3LBk__c3.mp4,1
youtube_BP3szXs3LBk__c4.mp4,1
youtube_BXMkY2TwvR4__c0.mp4,1
youtube_BXMkY2TwvR4__c1.mp4,1
youtube_BXMkY2TwvR4__c2.mp4,1
youtube_BXMkY2TwvR4__c3.mp4,1
youtube_BXMkY2TwvR4__c5.mp4,1
youtube_BetONUgh8Ys__c0.mp4,1
youtube_BetONUgh8Ys__c1.mp4,1
youtube_BetONUgh8Ys__c2.mp4,1
youtube_BetONUgh8Ys__c3.mp4,1
youtube_BetONUgh8Ys__c4.mp4,1
youtube_BetONUgh8Ys__c5.mp4,1
youtube_C23U0uw4nEE__c0.mp4,1
youtube_C23U0uw4nEE__c1.mp4,1
youtube_CBY8X3JHl50__c0.mp4,1
youtube_CBY8X3JHl50__c1.mp4,1
youtube_CBY8X3JHl50__c2.mp4,1
youtube_CBY8X3JHl50__c3.mp4,1
youtube_Cmkb6E9-8LU__c0.mp4,1
youtube_Cmkb6E9-8LU__c1.mp4,1
youtube_Cmkb6E9-8LU__c2.mp4,1
youtube_Cmkb6E9-8LU__c3.mp4,1
youtube_D6Z4uysJ_LM__c0.mp4,1
youtube_D6Z4uysJ_LM__c1.mp4,1
youtube_DCPbvGRooGc__c0.mp4,1
youtube_DCPbvGRooGc__c1.mp4,1
youtube_DCPbvGRooGc__c2.mp4,1
youtube_DCPbvGRooGc__c3.mp4,1
youtube_DCPbvGRooGc__c4.mp4,1
youtube_DCPbvGRooGc__c5.mp4,1
youtube_E_erbt00ZT0__c1.mp4,1
youtube_En5_TTKO6Yc__c0.mp4,1
youtube_GBtQCXKe8wI__c0.mp4,1
youtube_GBtQCXKe8wI__c1.mp4,1
youtube_GFUH9o1T3u4__c0.mp4,1
youtube_GFUH9o1T3u4__c1.mp4,1
youtube_GFUH9o1T3u4__c2.mp4,1
youtube_GFUH9o1T3u4__c3.mp4,1
youtube_GmhG7aG_ZRc__c0.mp4,1
youtube_H3y9NPwOFyo__c0.mp4,1
youtube_H3y9NPwOFyo__c1.mp4,1
youtube_H3y9NPwOFyo__c2.mp4,1
youtube_HO0vwO7J6wM__c0.mp4,1
youtube_HyOGxcH2L-o__c0.mp4,1
youtube_HyOGxcH2L-o__c1.mp4,1
youtube_IloL9AZShnE__c0.mp4,1
youtube_IloL9AZShnE__c1.mp4,1
youtube_IloL9AZShnE__c2.mp4,1
youtube_JNefsOEePYc__c0.mp4,1
youtube_JwbrfVn0udU__c0.mp4,1
youtube_K87K12eEoJ0__c0.mp4,1
youtube_K87K12eEoJ0__c1.mp4,1
youtube_K87K12eEoJ0__c2.mp4,1
youtube_K87K12eEoJ0__c3.mp4,1
youtube_K87K12eEoJ0__c4.mp4,1
youtube_K87K12eEoJ0__c5.mp4,1
youtube_KW0ngJ1p3xo__c0.mp4,1
youtube_KW0ngJ1p3xo__c1.mp4,1
youtube_KW0ngJ1p3xo__c2.mp4,1
youtube_KxxyAf950Uw__c0.mp4,1
youtube_KxxyAf950Uw__c1.mp4,1
youtube_KxxyAf950Uw__c2.mp4,1
youtube_KxxyAf950Uw__c3.mp4,1
youtube_KxxyAf950Uw__c4.mp4,1
youtube_LDuECYQKqrU__c0.mp4,1
youtube_LDuECYQKqrU__c1.mp4,1
youtube_LYrdNb667Yc__c0.mp4,1
youtube_NCWbitKsJ14__c0.mp4,1
youtube_NCWbitKsJ14__c1.mp4,1
youtube_Olstqwl3Tmo__c0.mp4,1
youtube_Olstqwl3Tmo__c1.mp4,1
youtube_PJiT5AHZESc__c0.mp4,1
youtube_PJiT5AHZESc__c1.mp4,1
youtube_PJiT5AHZESc__c2.mp4,1
youtube_PLMYYSvjQKQ__c0.mp4,1
youtube_PLMYYSvjQKQ__c2.mp4,1
youtube_PLMYYSvjQKQ__c3.mp4,1
youtube_PLMYYSvjQKQ__c4.mp4,1
youtube_PRqqNLnQyn8__c0.mp4,1
youtube_PRqqNLnQyn8__c1.mp4,1
youtube_PbOKerGCdDs__c0.mp4,1
youtube_PbOKerGCdDs__c1.mp4,1
youtube_PbOKerGCdDs__c2.mp4,1
youtube_PeipPGMs6fA__c0.mp4,1
youtube_Q05mTGQJNNA__c0.mp4,1
youtube_Q05mTGQJNNA__c1.mp4,1
youtube_Q05mTGQJNNA__c2.mp4,1
youtube_Q2t29n60kfE__c0.mp4,1
youtube_Q2t29n60kfE__c1.mp4,1
youtube_QW3bsHGLFec__c1.mp4,1
youtube_QzYraSdbYjo__c0.mp4,1
youtube_QzYraSdbYjo__c1.mp4,1
youtube_QzYraSdbYjo__c3.mp4,1
youtube_RcpSYO_O0m4__c0.mp4,1
youtube_SSHV5nYYVBg__c0.mp4,1
youtube_SSHV5nYYVBg__c1.mp4,1
youtube_SYqMbrBjyoY__c0.mp4,1
youtube_SYqMbrBjyoY__c1.mp4,1
youtube_SYqMbrBjyoY__c3.mp4,1
youtube_ShNrOHvfcOE__c0.mp4,1
youtube_ShNrOHvfcOE__c1.mp4,1
youtube_ShNrOHvfcOE__c2.mp4,1
youtube_ShNrOHvfcOE__c3.mp4,1
youtube_ShNrOHvfcOE__c4.mp4,1
youtube_TeoNU98P_GA__c0.mp4,1
youtube_TeoNU98P_GA__c1.mp4,1
youtube_TjKKTpWWtQs__c0.mp4,1
youtube_UfhZdTPiqjc__c0.mp4,1
youtube_UfhZdTPiqjc__c1.mp4,1
youtube_UfhZdTPiqjc__c2.mp4,1
youtube_UfhZdTPiqjc__c3.mp4,1
youtube_UfhZdTPiqjc__c4.mp4,1
youtube_UfhZdTPiqjc__c5.mp4,1
youtube_Uoemf9afwEo__c0.mp4,1
youtube_Uoemf9afwEo__c1.mp4,1
youtube_Uoemf9afwEo__c2.mp4,1
youtube_Uoemf9afwEo__c4.mp4,1
youtube_Uw8LRYwphOY__c0.mp4,1
youtube_Uw8LRYwphOY__c2.mp4,1
youtube_VVzwMG_fKRQ__c0.mp4,1
youtube_VVzwMG_fKRQ__c1.mp4,1
youtube_VVzwMG_fKRQ__c2.mp4,1
youtube_VVzwMG_fKRQ__c3.mp4,1
youtube_W8RwZ8vrwow__c0.mp4,1
youtube_X4PPsMjWEJg__c0.mp4,1
youtube_X4PPsMjWEJg__c1.mp4,1
youtube_X4PPsMjWEJg__c2.mp4,1
youtube_X4PPsMjWEJg__c3.mp4,1
youtube_Y0QFc4NKeOY__c0.mp4,1
youtube_ZBoV04qxLts__c0.mp4,1
youtube_ZoaWA24_-yY__c0.mp4,1
youtube_ZoaWA24_-yY__c1.mp4,1
youtube_ZoaWA24_-yY__c2.mp4,1
youtube_ZwvTKctFz1w__c0.mp4,1
youtube__EfPlxUv99A__c0.mp4,1
youtube__X-mdt2REVM__c0.mp4,1
youtube__YaxKyjGTn8__c0.mp4,1
youtube__YaxKyjGTn8__c1.mp4,1
youtube__YaxKyjGTn8__c2.mp4,1
youtube__sPVXuANWvs__c0.mp4,1
youtube__sPVXuANWvs__c1.mp4,1
youtube__sPVXuANWvs__c2.mp4,1
youtube_aoi45ijXTdY__c0.mp4,1
youtube_arwUc1_U3Q4__c0.mp4,1
youtube_arwUc1_U3Q4__c1.mp4,1
youtube_azxlF1MxTs4__c0.mp4,1
youtube_bYbfpyS9KxU__c0.mp4,1
youtube_bYbfpyS9KxU__c1.mp4,1
youtube_bYbfpyS9KxU__c2.mp4,1
youtube_bYbfpyS9KxU__c3.mp4,1
youtube_bYbfpyS9KxU__c4.mp4,1
youtube_b_6WAXMSp54__c0.mp4,1
youtube_b_6WAXMSp54__c1.mp4,1
youtube_b_6WAXMSp54__c2.mp4,1
youtube_b_6WAXMSp54__c3.mp4,1
youtube_b_6WAXMSp54__c4.mp4,1
youtube_b_6WAXMSp54__c5.mp4,1
youtube_ce3WfwTzc_A__c0.mp4,1
youtube_ce3WfwTzc_A__c1.mp4,1
youtube_cr6WK-0Dfog__c4.mp4,1
youtube_cr6WK-0Dfog__c5.mp4,1
youtube_d7YPB-e68o8__c0.mp4,1
youtube_dMP3jvRoZ8o__c0.mp4,1
youtube_egvyNzhVOeU__c0.mp4,1
youtube_g4T8IEcgrkc__c0.mp4,1
youtube_h-HAFv8MAmw__c0.mp4,1
youtube_h-HAFv8MAmw__c1.mp4,1
youtube_iBgpMduwcPU__c0.mp4,1
youtube_iBgpMduwcPU__c1.mp4,1
youtube_iXiuyS3Pu38__c0.mp4,1
youtube_iXiuyS3Pu38__c1.mp4,1
youtube_iq1NLuq7uzI__c0.mp4,1
youtube_iq1NLuq7uzI__c1.mp4,1
youtube_itwMumGkfJo__c0.mp4,1
youtube_jWAB-8ZmoI8__c0.mp4,1
youtube_jWAB-8ZmoI8__c1.mp4,1
youtube_jWAB-8ZmoI8__c2.mp4,1
youtube_jWAB-8ZmoI8__c3.mp4,1
youtube_j_AVB8qkWsM__c0.mp4,1
youtube_j_AVB8qkWsM__c1.mp4,1
youtube_j_AVB8qkWsM__c2.mp4,1
youtube_kpg0W3_LZiQ__c0.mp4,1
youtube_kpg0W3_LZiQ__c1.mp4,1
youtube_kyvSf6dnRNk__c0.mp4,1
youtube_kyvSf6dnRNk__c1.mp4,1
youtube_kyvSf6dnRNk__c2.mp4,1
youtube_kyvSf6dnRNk__c3.mp4,1
youtube_kyvSf6dnRNk__c4.mp4,1
youtube_kyvSf6dnRNk__c5.mp4,1
youtube_lJcW8BS7GYI__c0.mp4,1
youtube_lJcW8BS7GYI__c1.mp4,1
youtube_mGva79WLyS0__c0.mp4,1
youtube_mGva79WLyS0__c1.mp4,1
youtube_mGva79WLyS0__c2.mp4,1
youtube_mel_dNNOmlk__c0.mp4,1
youtube_msrdqvIzB_4__c0.mp4,1
youtube_msrdqvIzB_4__c1.mp4,1
youtube_nqaJr5KFiSY__c0.mp4,1
youtube_nqaJr5KFiSY__c1.mp4,1
youtube_nqaJr5KFiSY__c2.mp4,1
youtube_o2PPDyvbAVE__c1.mp4,1
youtube_o42p3NIKX4E__c0.mp4,1
youtube_o42p3NIKX4E__c1.mp4,1
youtube_oQ3RlUASwh8__c0.mp4,1
youtube_oZJUz5OeXDI__c3.mp4,1
youtube_oqRYfGjYPfw__c0.mp4,1
youtube_pZuTqSxHCyw__c0.mp4,1
youtube_pZuTqSxHCyw__c1.mp4,1
youtube_pZuTqSxHCyw__c2.mp4,1
youtube_paUZTUmMxTk__c0.mp4,1
youtube_qKf643ia_Yw__c0.mp4,1
youtube_qKf643ia_Yw__c1.mp4,1
youtube_qUFtXjRncwI__c0.mp4,1
youtube_qUFtXjRncwI__c1.mp4,1
youtube_qUFtXjRncwI__c2.mp4,1
youtube_qUFtXjRncwI__c3.mp4,1
youtube_qdJMALmH7Kk__c0.mp4,1
youtube_qdJMALmH7Kk__c1.mp4,1
youtube_qsB_WSr4XoM__c0.mp4,1
youtube_qsB_WSr4XoM__c1.mp4,1
youtube_qvEXYAkaMqY__c0.mp4,1
youtube_qvEXYAkaMqY__c1.mp4,1
youtube_r7N_QQrlYZg__c0.mp4,1
youtube_rGyCYvd-iII__c0.mp4,1
youtube_sXJSmvnIzk4__c0.mp4,1
youtube_sXJSmvnIzk4__c1.mp4,1
youtube_sXJSmvnIzk4__c2.mp4,1
youtube_sXJSmvnIzk4__c3.mp4,1
youtube_tZ6soOOmMEc__c0.mp4,1
youtube_uX4941hAeyw__c0.mp4,1
youtube_uoU8KLl8ESM__c0.mp4,1
youtube_uoU8KLl8ESM__c1.mp4,1
youtube_uoU8KLl8ESM__c2.mp4,1
youtube_uoU8KLl8ESM__c4.mp4,1
youtube_uoU8KLl8ESM__c5.mp4,1
youtube_v27nkuWDPFk__c0.mp4,1
youtube_v27nkuWDPFk__c1.mp4,1
youtube_v27nkuWDPFk__c2.mp4,1
youtube_vFIWPD_yEuI__c0.mp4,1
youtube_vFIWPD_yEuI__c1.mp4,1
youtube_vFIWPD_yEuI__c2.mp4,1
youtube_vFz_GKCtTLU__c0.mp4,1
youtube_vmi31MibYqU__c0.mp4,1
youtube_vmi31MibYqU__c1.mp4,1
youtube_wU1GncJgl1I__c0.mp4,1
youtube_wU1GncJgl1I__c1.mp4,1
youtube_xMMMP70BBL4__c0.mp4,1
youtube_xMMMP70BBL4__c1.mp4,1
youtube_xMMMP70BBL4__c2.mp4,1
youtube_xMMMP70BBL4__c3.mp4,1
youtube_xMMMP70BBL4__c4.mp4,1
youtube_xMMMP70BBL4__c5.mp4,1
youtube_xUvLfZFxTx0__c0.mp4,1
youtube_xUvLfZFxTx0__c1.mp4,1
youtube_z296NAuj6UU__c0.mp4,1
youtube_-1uaO9rDFg0__c0.mp4,1
youtube_-1uaO9rDFg0__c1.mp4,1
youtube_-1uaO9rDFg0__c2.mp4,1
youtube_-6y3To027Gs__c0.mp4,1
youtube_-Ey7JaC0Rfw__c0.mp4,1
youtube_0fwL5O0K5Y8__c1.mp4,1
youtube_0r2_39rdm-0__c0.mp4,1
youtube_0r2_39rdm-0__c1.mp4,1
youtube_1ewYbhr35YA__c0.mp4,1
youtube_1ewYbhr35YA__c1.mp4,1
youtube_1ewYbhr35YA__c2.mp4,1
youtube_3fQiGr8c4Mk__c2.mp4,1
youtube_3lOSRo0TQlo__c0.mp4,1
youtube_3lOSRo0TQlo__c1.mp4,1
youtube_3lOSRo0TQlo__c2.mp4,1
youtube_4o4gOVwvSeE__c0.mp4,1
youtube_4o4gOVwvSeE__c1.mp4,1
youtube_5-xg1FD_tis__c0.mp4,1
youtube_56ZtMLWiIEY__c2.mp4,1
youtube_58LJ17eY8Lc__c1.mp4,1
youtube_5HHttvYmGhg__c0.mp4,1
youtube_5HHttvYmGhg__c1.mp4,1
youtube_5HHttvYmGhg__c2.mp4,1
youtube_62vb3ErDCnA__c0.mp4,1
youtube_6eg55LBvgz0__c0.mp4,1
youtube_6eg55LBvgz0__c1.mp4,1
youtube_6eg55LBvgz0__c2.mp4,1
youtube_7i8DHMXqlVQ__c0.mp4,1
youtube_7i8DHMXqlVQ__c1.mp4,1
youtube_7i8DHMXqlVQ__c2.mp4,1
youtube_7kLVdhEPxBI__c0.mp4,1
youtube_7pGduo77XUA__c0.mp4,1
youtube_7pGduo77XUA__c1.mp4,1
youtube_7pGduo77XUA__c2.mp4,1
youtube_7qYhXGP7kSc__c0.mp4,1
youtube_7qYhXGP7kSc__c1.mp4,1
youtube_7qYhXGP7kSc__c2.mp4,1
youtube_8pyGdqWC85A__c0.mp4,1
youtube_8pyGdqWC85A__c1.mp4,1
youtube_9CA5eseW_G8__c2.mp4,1
youtube_ABRPJEF-Tg4__c0.mp4,1
youtube_ABRPJEF-Tg4__c1.mp4,1
youtube_ABRPJEF-Tg4__c2.mp4,1
youtube_AFszucC2xHY__c0.mp4,1
youtube_AFszucC2xHY__c1.mp4,1
youtube_ALnAmZG8d9Q__c1.mp4,1
youtube_ALnAmZG8d9Q__c2.mp4,1
youtube_B4jNttRvbpU__c0.mp4,1
youtube_B4jNttRvbpU__c1.mp4,1
youtube_B54y7f4psbc__c0.mp4,1
youtube_B54y7f4psbc__c2.mp4,1
youtube_BiQgxBXwTnY__c0.mp4,1
youtube_BiQgxBXwTnY__c1.mp4,1
youtube_CJSdhmLq8Ls__c0.mp4,1
youtube_CJSdhmLq8Ls__c1.mp4,1
youtube_CJSdhmLq8Ls__c2.mp4,1
youtube_DBN1B8xQ85M__c0.mp4,1
youtube_DuflPZNQves__c1.mp4,1
youtube_F0e258Tva-M__c0.mp4,1
youtube_F0e258Tva-M__c1.mp4,1
youtube_F0e258Tva-M__c2.mp4,1
youtube_FPzDeEtHucU__c0.mp4,1
youtube_FtiI_R6C3b0__c0.mp4,1
youtube_FtiI_R6C3b0__c1.mp4,1
youtube_FtiI_R6C3b0__c2.mp4,1
youtube_GUT_6Ebf4bY__c0.mp4,1
youtube_GUT_6Ebf4bY__c1.mp4,1
youtube_HBpNxRyk1HE__c0.mp4,1
youtube_HBpNxRyk1HE__c1.mp4,1
youtube_HBpNxRyk1HE__c2.mp4,1
youtube_IUaQTWfdUwE__c1.mp4,1
youtube_IUaQTWfdUwE__c2.mp4,1
youtube_Iq-tlQdsgDQ__c0.mp4,1
youtube_Iq-tlQdsgDQ__c1.mp4,1
youtube_Iy5Xo8lEI90__c0.mp4,1
youtube_Iy5Xo8lEI90__c1.mp4,1
youtube_Iy5Xo8lEI90__c2.mp4,1
youtube_JaWPpVxiZD8__c1.mp4,1
youtube_K1qjiUEZsGc__c1.mp4,1
youtube_Lh0tdz3X8FU__c0.mp4,1
youtube_Lh0tdz3X8FU__c1.mp4,1
youtube_MiTxoJ4sBfY__c0.mp4,1
youtube_MiTxoJ4sBfY__c1.mp4,1
youtube_N1W621c3niM__c0.mp4,1
youtube_N1W621c3niM__c1.mp4,1
youtube_N1W621c3niM__c2.mp4,1
youtube_NGuQn97Xq8w__c0.mp4,1
youtube_NGuQn97Xq8w__c1.mp4,1
youtube_NGuQn97Xq8w__c2.mp4,1
youtube_NPnaCWJlDVA__c2.mp4,1
youtube_ONrSoea_jTs__c0.mp4,1
youtube_ONrSoea_jTs__c1.mp4,1
youtube_ONrSoea_jTs__c2.mp4,1
youtube_Ots0TjBMf-4__c0.mp4,1
youtube_PH_i1aslz-M__c0.mp4,1
youtube_PH_i1aslz-M__c1.mp4,1
youtube_PH_i1aslz-M__c2.mp4,1
youtube_Qj6Jpb35Wbk__c0.mp4,1
youtube_Qj6Jpb35Wbk__c1.mp4,1
youtube_Qj6Jpb35Wbk__c2.mp4,1
youtube_Qucefow1KqI__c0.mp4,1
youtube_Qucefow1KqI__c1.mp4,1
youtube_Qucefow1KqI__c2.mp4,1
youtube_RIKg1mxFW8Q__c1.mp4,1
youtube_RIKg1mxFW8Q__c2.mp4,1
youtube_RIqSsWYveh8__c0.mp4,1
youtube_RIqSsWYveh8__c1.mp4,1
youtube_RIqSsWYveh8__c2.mp4,1
youtube_RQ9neAKGmiA__c1.mp4,1
youtube_RnJsxOPieso__c0.mp4,1
youtube_RnJsxOPieso__c1.mp4,1
youtube_RnJsxOPieso__c2.mp4,1
youtube_S1MBVXkQbWU__c0.mp4,1
youtube_S1MBVXkQbWU__c1.mp4,1
youtube_S1MBVXkQbWU__c2.mp4,1
youtube_SAPFI6o2ckk__c0.mp4,1
youtube_SAPFI6o2ckk__c1.mp4,1
youtube_SAPFI6o2ckk__c2.mp4,1
youtube_Ugcd7tS-65Y__c1.mp4,1
youtube_Ugcd7tS-65Y__c2.mp4,1
youtube_Ur_HsocKep4__c2.mp4,1
youtube_VBRB6eBp8Fk__c0.mp4,1
youtube_VG0RqYVyXyE__c0.mp4,1
youtube_VG0RqYVyXyE__c1.mp4,1
youtube_VsPnDI2i8a4__c0.mp4,1
youtube_VsPnDI2i8a4__c1.mp4,1
youtube_VsPnDI2i8a4__c2.mp4,1
youtube_WiST8PCjKU4__c0.mp4,1
youtube_WiST8PCjKU4__c1.mp4,1
youtube_Wq83FDR7L5c__c0.mp4,1
youtube_Wq83FDR7L5c__c1.mp4,1
youtube_Wrald_EZgDQ__c1.mp4,1
youtube_Wrald_EZgDQ__c2.mp4,1
youtube_XVGetic7Z94__c1.mp4,1
youtube_XVGetic7Z94__c2.mp4,1
youtube_Xl3gIH_bIQI__c1.mp4,1
youtube_Xl3gIH_bIQI__c2.mp4,1
youtube_YUuKUngeqtk__c1.mp4,1
youtube_YUuKUngeqtk__c2.mp4,1
youtube_YsSQythLZaA__c2.mp4,1
youtube_ZBa4t3ldHso__c0.mp4,1
youtube_ZBa4t3ldHso__c1.mp4,1
youtube__ruQBr83_d4__c0.mp4,1
youtube_aj0a1Ltf3B4__c1.mp4,1
youtube_bDNwu28Qqgg__c0.mp4,1
youtube_bDNwu28Qqgg__c1.mp4,1
youtube_bDNwu28Qqgg__c2.mp4,1
youtube_bYo4MVS6mDg__c0.mp4,1
youtube_bYo4MVS6mDg__c1.mp4,1
youtube_bYo4MVS6mDg__c2.mp4,1
youtube_cZFqcvhHkcI__c2.mp4,1
youtube_cmNFM6AW_Vk__c1.mp4,1
youtube_d4qK7g2kp0g__c1.mp4,1
youtube_d8VWKxEXXAc__c0.mp4,1
youtube_d8VWKxEXXAc__c1.mp4,1
youtube_d8VWKxEXXAc__c2.mp4,1
youtube_dGCWY61NRgo__c0.mp4,1
youtube_dGCWY61NRgo__c1.mp4,1
youtube_dGCWY61NRgo__c2.mp4,1
youtube_drnov1Ad-Y4__c0.mp4,1
youtube_drnov1Ad-Y4__c1.mp4,1
youtube_elpmtd-V5JM__c0.mp4,1
youtube_elpmtd-V5JM__c1.mp4,1
youtube_elpmtd-V5JM__c2.mp4,1
youtube_et-hDZ07PPg__c1.mp4,1
youtube_et-hDZ07PPg__c2.mp4,1
youtube_eu67rjUussw__c0.mp4,1
youtube_fGI--TtIeNw__c2.mp4,1
youtube_fs99glTBGjA__c0.mp4,1
youtube_fs99glTBGjA__c1.mp4,1
youtube_fs99glTBGjA__c2.mp4,1
youtube_g1wK_uHPsqQ__c2.mp4,1
youtube_g_XlAPQuK2A__c0.mp4,1
youtube_hB-n9HgZIOA__c1.mp4,1
youtube_hB-n9HgZIOA__c2.mp4,1
youtube_hLw0yzq4W2c__c0.mp4,1
youtube_hYAvdAVeEDg__c0.mp4,1
youtube_ioT-qkiuS1A__c0.mp4,1
youtube_iuPRfuJ-Lok__c0.mp4,1
youtube_kNEPV_qYZ1U__c0.mp4,1
youtube_kNEPV_qYZ1U__c1.mp4,1
youtube_kNEPV_qYZ1U__c2.mp4,1
youtube_kS5CdoMHwIE__c0.mp4,1
youtube_kc9AK1zfOGQ__c0.mp4,1
youtube_lsL0Ymtg5mM__c0.mp4,1
youtube_lsL0Ymtg5mM__c1.mp4,1
youtube_lsL0Ymtg5mM__c2.mp4,1
youtube_mP2yT5H1rQ4__c0.mp4,1
youtube_mP2yT5H1rQ4__c1.mp4,1
youtube_mP2yT5H1rQ4__c2.mp4,1
youtube_mPqzP0NLA0U__c2.mp4,1
youtube_o139nBWzuSw__c0.mp4,1
youtube_o139nBWzuSw__c1.mp4,1
youtube_o139nBWzuSw__c2.mp4,1
youtube_oOC5fPVusG8__c0.mp4,1
youtube_oOC5fPVusG8__c1.mp4,1
youtube_oOC5fPVusG8__c2.mp4,1
youtube_pKhhBZjt0so__c0.mp4,1
youtube_pKhhBZjt0so__c1.mp4,1
youtube_pYyMNtQDSJ8__c2.mp4,1
youtube_q5u_1SVO_7M__c2.mp4,1
youtube_qPpnIeMP25I__c0.mp4,1
youtube_qPpnIeMP25I__c1.mp4,1
youtube_qas-oe_dUQQ__c0.mp4,1
youtube_qas-oe_dUQQ__c1.mp4,1
youtube_qas-oe_dUQQ__c2.mp4,1
youtube_t0oic3VXDCY__c0.mp4,1
youtube_t0oic3VXDCY__c1.mp4,1
youtube_t7qAC6ZE3PM__c1.mp4,1
youtube_tI1pL_ieXhc__c1.mp4,1
youtube_tI1pL_ieXhc__c2.mp4,1
youtube_tWGsgPg28qg__c0.mp4,1
youtube_tWGsgPg28qg__c1.mp4,1
youtube_tWGsgPg28qg__c2.mp4,1
youtube_tvz89Ollsus__c2.mp4,1
youtube_uQv6WuXHUxk__c0.mp4,1
youtube_uQv6WuXHUxk__c1.mp4,1
youtube_uQv6WuXHUxk__c2.mp4,1
youtube_uiD5K8rZwa4__c0.mp4,1
youtube_uiD5K8rZwa4__c1.mp4,1
youtube_uiD5K8rZwa4__c2.mp4,1
youtube_ur5bwgQpENM__c0.mp4,1
youtube_ur5bwgQpENM__c1.mp4,1
youtube_vBCUDthQtfE__c0.mp4,1
youtube_vBCUDthQtfE__c1.mp4,1
youtube_vBCUDthQtfE__c2.mp4,1
youtube_vEupDz4ypqU__c0.mp4,1
youtube_wZvJ2KnQxz4__c1.mp4,1
youtube_wZvJ2KnQxz4__c2.mp4,1
youtube_wd-JQrVdS9Y__c0.mp4,1
youtube_wnHlXvVeG_w__c0.mp4,1
youtube_wnHlXvVeG_w__c2.mp4,1
youtube_xyMhyB9GvrE__c0.mp4,1
youtube_xyaSVBXF1K8__c0.mp4,1
youtube_xyaSVBXF1K8__c1.mp4,1
youtube_xyaSVBXF1K8__c2.mp4,1
youtube_-DBCqLPaNy4__c1.mp4,0
youtube_-DBCqLPaNy4__c3.mp4,0
youtube_-Gq-5qNekdo__c2.mp4,0
youtube_-LMaT4rUdG4__c1.mp4,0
youtube_-LMaT4rUdG4__c3.mp4,0
youtube_-QICBsD9Aog__c1.mp4,0
youtube_-QICBsD9Aog__c5.mp4,0
youtube_-bg-ksm5gKA__c4.mp4,0
youtube_-bg-ksm5gKA__c5.mp4,0
youtube_-ewfP4BC7RA__c1.mp4,0
youtube_0HMjTxKRbaI__c1.mp4,0
youtube_0gSc_9QqXJg__c2.mp4,0
youtube_0gSc_9QqXJg__c4.mp4,0
youtube_0qv2rvnSMcg__c3.mp4,0
youtube_0qv2rvnSMcg__c4.mp4,0
youtube_0qv2rvnSMcg__c5.mp4,0
youtube_1Kj3k4MnM_Q__c1.mp4,0
youtube_1Kj3k4MnM_Q__c2.mp4,0
youtube_1Kj3k4MnM_Q__c3.mp4,0
youtube_1Kj3k4MnM_Q__c4.mp4,0
youtube_1Kj3k4MnM_Q__c5.mp4,0
youtube_1QkcDzCS9hg__c0.mp4,0
youtube_1QkcDzCS9hg__c1.mp4,0
youtube_1QkcDzCS9hg__c4.mp4,0
youtube_1U4dPKq6mJ4__c1.mp4,0
youtube_1U4dPKq6mJ4__c2.mp4,0
youtube_1U4dPKq6mJ4__c4.mp4,0
youtube_1U4dPKq6mJ4__c5.mp4,0
youtube_1Z3EzFDVcgo__c2.mp4,0
youtube_1Z3EzFDVcgo__c5.mp4,0
youtube_2OhUkqUhufs__c1.mp4,0
youtube_2WShJeNX7W8__c4.mp4,0
youtube_2wMOuWDwdJE__c0.mp4,0
youtube_32z8Ax1j-Q4__c1.mp4,0
youtube_32z8Ax1j-Q4__c3.mp4,0
youtube_3Bpv2LbM9-E__c0.mp4,0
youtube_3Bpv2LbM9-E__c4.mp4,0
youtube_3L5Ovs0YucU__c1.mp4,0
youtube_3NQkh5gmFAs__c2.mp4,0
youtube_3XNQFqUwCnU__c2.mp4,0
youtube_3fQiGr8c4Mk__c0.mp4,0
youtube_464SWQIDYxQ__c0.mp4,0
youtube_464SWQIDYxQ__c2.mp4,0
youtube_4OFU9D1Y2DI__c3.mp4,0
youtube_4OFU9D1Y2DI__c4.mp4,0
youtube_4PUd8pELTg8__c1.mp4,0
youtube_4PUd8pELTg8__c3.mp4,0
youtube_4PUd8pELTg8__c5.mp4,0
youtube_4Z0TxpPSqXI__c0.mp4,0
youtube_5IKgpxLN86M__c0.mp4,0
youtube_5IKgpxLN86M__c2.mp4,0
youtube_5LmDJEywwRw__c3.mp4,0
youtube_5LmDJEywwRw__c4.mp4,0
youtube_5Rs1B8V4vx0__c1.mp4,0
youtube_5Rs1B8V4vx0__c2.mp4,0
youtube_5Rs1B8V4vx0__c3.mp4,0
youtube_5Rs1B8V4vx0__c4.mp4,0
youtube_5XAxPuKxL8A__c1.mp4,0
youtube_5XAxPuKxL8A__c4.mp4,0
youtube_5XAxPuKxL8A__c5.mp4,0
youtube_5_c76-SQtps__c1.mp4,0
youtube_5tkxba8ZDE4__c1.mp4,0
youtube_5tkxba8ZDE4__c2.mp4,0
youtube_5tkxba8ZDE4__c5.mp4,0
youtube_6L9UHONpSfM__c1.mp4,0
youtube_6L9UHONpSfM__c4.mp4,0
youtube_6LNypfnkEcI__c1.mp4,0
youtube_6LNypfnkEcI__c3.mp4,0
youtube_6LNypfnkEcI__c4.mp4,0
youtube_6LNypfnkEcI__c5.mp4,0
youtube_6Z9Z5EceZig__c1.mp4,0
youtube_6Z9Z5EceZig__c3.mp4,0
youtube_6abf9vErzLU__c0.mp4,0
youtube_6abf9vErzLU__c2.mp4,0
youtube_6rm_OFkWtt8__c1.mp4,0
youtube_7X-oB210LjY__c1.mp4,0
youtube_7yLeDg_KuOA__c1.mp4,0
youtube_7yLeDg_KuOA__c3.mp4,0
youtube_7yLeDg_KuOA__c4.mp4,0
youtube_7yLeDg_KuOA__c5.mp4,0
youtube_81vaStxwmD8__c3.mp4,0
youtube_8D4AHrKAYig__c0.mp4,0
youtube_8D4AHrKAYig__c2.mp4,0
youtube_8D4AHrKAYig__c4.mp4,0
youtube_8D4AHrKAYig__c5.mp4,0
youtube_8ePu81ssU4M__c3.mp4,0
youtube_8ePu81ssU4M__c4.mp4,0
youtube_8eejVCeL4Yo__c1.mp4,0
youtube_8eejVCeL4Yo__c2.mp4,0
youtube_8tchhS0ckUQ__c3.mp4,0
youtube_8xvbmi9F-tU__c0.mp4,0
youtube_9h5r8T4NmQQ__c3.mp4,0
youtube_9h5r8T4NmQQ__c4.mp4,0
youtube_A3TvqMwgEco__c4.mp4,0
youtube_A3TvqMwgEco__c5.mp4,0
youtube_A4ZXMfxQ1ZM__c5.mp4,0
youtube_AGaF3Jo037E__c1.mp4,0
youtube_AGaF3Jo037E__c5.mp4,0
youtube_ASQQ9iESljs__c4.mp4,0
youtube_ASQQ9iESljs__c5.mp4,0
youtube_AZUgMZ3Qq0k__c0.mp4,0
youtube_AZUgMZ3Qq0k__c1.mp4,0
youtube_Ask0pBIKdDk__c0.mp4,0
youtube_Ask0pBIKdDk__c2.mp4,0
youtube_Ask0pBIKdDk__c3.mp4,0
youtube_Ask0pBIKdDk__c4.mp4,0
youtube_Ask0pBIKdDk__c5.mp4,0
youtube_AvCkvtTwbR4__c3.mp4,0
youtube_AvCkvtTwbR4__c4.mp4,0
youtube_AvCkvtTwbR4__c5.mp4,0
youtube_B2zCWJBnfuE__c1.mp4,0
youtube_B4jNttRvbpU__c2.mp4,0
youtube_BDkrPbtmr30__c0.mp4,0
youtube_BDkrPbtmr30__c1.mp4,0
youtube_BDkrPbtmr30__c2.mp4,0
youtube_BWZvOOBGXUk__c3.mp4,0
youtube_BsRzddm8RK4__c0.mp4,0
youtube_BtqOeXsB36U__c0.mp4,0
youtube_BtqOeXsB36U__c2.mp4,0
youtube_C6UdLVXiYyI__c1.mp4,0
youtube_C6UdLVXiYyI__c4.mp4,0
youtube_CwfTMLa3MkM__c1.mp4,0
youtube_CwfTMLa3MkM__c2.mp4,0
youtube_CwfTMLa3MkM__c3.mp4,0
youtube_CwfTMLa3MkM__c4.mp4,0
youtube_CwfTMLa3MkM__c5.mp4,0
youtube_D6wO7DFbky4__c1.mp4,0
youtube_D6wO7DFbky4__c4.mp4,0
youtube_DC9-StcwNFU__c5.mp4,0
youtube_DV5FUe5mlGk__c1.mp4,0
youtube_DV5FUe5mlGk__c2.mp4,0
youtube_DzotI3JmDhQ__c3.mp4,0
youtube_E9s2MbXuHx8__c1.mp4,0
youtube_EMZ4p6C_Bss__c4.mp4,0
youtube_FqM14Qeozog__c0.mp4,0
youtube_FqM14Qeozog__c2.mp4,0
youtube_FwpEk-fhZjY__c0.mp4,0
youtube_GHKyDYtKGEg__c1.mp4,0
youtube_GPgxUh8Mob4__c0.mp4,0
youtube_GPgxUh8Mob4__c2.mp4,0
youtube_GPgxUh8Mob4__c3.mp4,0
youtube_GWoV9-T7l2U__c1.mp4,0
youtube_GWoV9-T7l2U__c2.mp4,0
youtube_GWoV9-T7l2U__c4.mp4,0
youtube_GaUoIBTGXzo__c0.mp4,0
youtube_GaUoIBTGXzo__c2.mp4,0
youtube_Gb9tjnJWu5g__c0.mp4,0
youtube_GlSWFx1F4PM__c2.mp4,0
youtube_Gzq0h-rlaKM__c0.mp4,0
youtube_H5Q_-gIZIps__c1.mp4,0
youtube_H5Q_-gIZIps__c5.mp4,0
youtube_HPsz4ipF4i4__c5.mp4,0
youtube_H_AGrUIL2I8__c1.mp4,0
youtube_H_AGrUIL2I8__c3.mp4,0
youtube_HrJRaQZWgho__c4.mp4,0
youtube_HrJRaQZWgho__c5.mp4,0
youtube_HrZqtJH0dhc__c1.mp4,0
youtube_I9Z7eRtC5oI__c2.mp4,0
youtube_I9Z7eRtC5oI__c4.mp4,0
youtube_I9Z7eRtC5oI__c5.mp4,0
youtube_ICKfj9pMm7Q__c3.mp4,0
youtube_IQgV0Etu8XQ__c2.mp4,0
youtube_IQgV0Etu8XQ__c5.mp4,0
youtube_IjfFP1u5LPQ__c2.mp4,0
youtube_J9BBiWRYEsk__c0.mp4,0
youtube_J9BBiWRYEsk__c1.mp4,0
youtube_JFRK5p_Oxu0__c3.mp4,0
youtube_JFRK5p_Oxu0__c4.mp4,0
youtube_JXBcEp7KJog__c1.mp4,0
youtube_JXBcEp7KJog__c4.mp4,0
youtube_JfSCF2Y4Cyw__c0.mp4,0
youtube_JxbYPk1MIyw__c1.mp4,0
youtube_JyQlWJnxmBA__c1.mp4,0
youtube_JyQlWJnxmBA__c2.mp4,0
youtube_JyQlWJnxmBA__c4.mp4,0
youtube_KFs-u1sAV6U__c1.mp4,0
youtube_KYs3M_qB6hs__c3.mp4,0
youtube_KYs3M_qB6hs__c5.mp4,0
youtube_KeDiVgnGvyk__c1.mp4,0
youtube_KeDiVgnGvyk__c2.mp4,0
youtube_KeDiVgnGvyk__c3.mp4,0
youtube_KeDiVgnGvyk__c5.mp4,0
youtube_Kj2KS2BMENA__c2.mp4,0
youtube_KzECNW95QQs__c1.mp4,0
youtube_L2cHRUNwtMM__c1.mp4,0
youtube_L2cHRUNwtMM__c2.mp4,0
youtube_L2cHRUNwtMM__c3.mp4,0
youtube_L2cHRUNwtMM__c4.mp4,0
youtube_L2cHRUNwtMM__c5.mp4,0
youtube_LTaPtQMHBxQ__c4.mp4,0
youtube_LuFHGqPUJfA__c1.mp4,0
youtube_N0ahsEvo45M__c1.mp4,0
youtube_Nrenme_XixQ__c5.mp4,0
youtube_ONCKJ0YAtQY__c3.mp4,0
youtube_ONCKJ0YAtQY__c4.mp4,0
youtube_ONCKJ0YAtQY__c5.mp4,0
youtube_ORrrIKn-WNc__c2.mp4,0
youtube_OdZG3XPljr4__c0.mp4,0
youtube_OdZG3XPljr4__c3.mp4,0
youtube_OdZG3XPljr4__c4.mp4,0
youtube_OdZG3XPljr4__c5.mp4,0
youtube_OjBKDaFw_2I__c2.mp4,0
youtube_OjBKDaFw_2I__c5.mp4,0
youtube_P449lL7Thgw__c4.mp4,0
youtube_PPXF5Ay6NG8__c0.mp4,0
youtube_PPXF5Ay6NG8__c1.mp4,0
youtube_PPXF5Ay6NG8__c3.mp4,0
youtube_PYQoeN6MDns__c0.mp4,0
youtube_PYQoeN6MDns__c1.mp4,0
youtube_PYQoeN6MDns__c2.mp4,0
youtube_PYQoeN6MDns__c3.mp4,0
youtube_PYQoeN6MDns__c4.mp4,0
youtube_PYQoeN6MDns__c5.mp4,0
youtube_PgfAImPNVu4__c1.mp4,0
youtube_PrpuBFkzBO4__c0.mp4,0
youtube_QYdYpKc9icQ__c1.mp4,0
youtube_QvrMNDv6iYU__c0.mp4,0
youtube_R-it--4P3IE__c1.mp4,0
youtube_R-it--4P3IE__c2.mp4,0
youtube_R-it--4P3IE__c3.mp4,0
youtube_R-it--4P3IE__c4.mp4,0
youtube_R8GoBFy1DgQ__c1.mp4,0
youtube_RFE2V1dSaE8__c0.mp4,0
youtube_R_Yx1Fahjm8__c2.mp4,0
youtube_R_Yx1Fahjm8__c4.mp4,0
youtube_R_Yx1Fahjm8__c5.mp4,0
youtube_RfgjHoVCZwU__c3.mp4,0
youtube_RfgjHoVCZwU__c5.mp4,0
youtube_RgZ1X4Dok3Y__c0.mp4,0
youtube_RgZ1X4Dok3Y__c1.mp4,0
youtube_RgZ1X4Dok3Y__c3.mp4,0
youtube_RyKbSXkdmP4__c1.mp4,0
youtube_RyKbSXkdmP4__c5.mp4,0
youtube_SDyNLVmmUmQ__c1.mp4,0
youtube_SP0Lv9a3_TU__c1.mp4,0
youtube_SP0Lv9a3_TU__c3.mp4,0
youtube_Svv7egD4hpk__c0.mp4,0
youtube_Svv7egD4hpk__c1.mp4,0
youtube_Svv7egD4hpk__c2.mp4,0
youtube_TXG7ZScheas__c1.mp4,0
youtube_TqRYpEDDCrg__c0.mp4,0
youtube_TqRYpEDDCrg__c1.mp4,0
youtube_TqRYpEDDCrg__c2.mp4,0
youtube_TqRYpEDDCrg__c5.mp4,0
youtube_Ts54ZF0yayU__c4.mp4,0
youtube_Ts54ZF0yayU__c5.mp4,0
youtube_Tt5xNKojMvk__c2.mp4,0
youtube_Tt8gsoZJda8__c1.mp4,0
youtube_Tt8gsoZJda8__c2.mp4,0
youtube_Tt8gsoZJda8__c3.mp4,0
youtube_Tt8gsoZJda8__c5.mp4,0
youtube_U93x9AWeuOA__c3.mp4,0
youtube_UD9IOllUR4k__c0.mp4,0
youtube_UXFRgMb9TTw__c2.mp4,0
youtube_UXFRgMb9TTw__c4.mp4,0
youtube_Ug4Fe7tyle0__c3.mp4,0
youtube_Ug4Fe7tyle0__c5.mp4,0
youtube_VA5U8GTPTTA__c3.mp4,0
youtube_VMbhM59K5FQ__c0.mp4,0
youtube_VcClS8kGq-o__c4.mp4,0
youtube_VnrBeqJR8C8__c1.mp4,0
youtube_VpOan0hqdNA__c4.mp4,0
youtube_Vz9JMC18LFs__c0.mp4,0
youtube_Vz9JMC18LFs__c1.mp4,0
youtube_Vz9JMC18LFs__c2.mp4,0
youtube_Vz9JMC18LFs__c3.mp4,0
youtube_Vz9JMC18LFs__c4.mp4,0
youtube_Vzbz--aPQLE__c1.mp4,0
youtube_Vzbz--aPQLE__c3.mp4,0
youtube_Vzbz--aPQLE__c4.mp4,0
youtube_Vzbz--aPQLE__c5.mp4,0
youtube_W9cHhdMeoyA__c1.mp4,0
youtube_W9cHhdMeoyA__c2.mp4,0
youtube_W9cHhdMeoyA__c3.mp4,0
youtube_WGxlDhyAfzo__c1.mp4,0
youtube_WPQ-UihGYQA__c0.mp4,0
youtube_WXL2kjDoc04__c3.mp4,0
youtube_WvGUTtYMUco__c0.mp4,0
youtube_X8WoNgRxjos__c1.mp4,0
youtube_XNrTMOD1-hg__c0.mp4,0
youtube_XSUIFA3j2Vo__c3.mp4,0
youtube_XSUIFA3j2Vo__c5.mp4,0
youtube_XsBcdfKfy9o__c5.mp4,0
youtube_XwA9wEQ8DxM__c2.mp4,0
youtube_YC2qoeWYr4w__c0.mp4,0
youtube_YC2qoeWYr4w__c2.mp4,0
youtube_Ynzgn4slglg__c5.mp4,0
youtube_Yru4Nz27saQ__c5.mp4,0
youtube_ZCkPxtoMcDE__c0.mp4,0
youtube_ZFXKzRag84c__c1.mp4,0
youtube_ZPBzwlIwilw__c2.mp4,0
youtube_ZPBzwlIwilw__c4.mp4,0
youtube__Ig9MOv54cg__c2.mp4,0
youtube__Ig9MOv54cg__c5.mp4,0
youtube__YKlp5qZtfU__c2.mp4,0
youtube__YKlp5qZtfU__c3.mp4,0
youtube__YKlp5qZtfU__c4.mp4,0
youtube__YKlp5qZtfU__c5.mp4,0
youtube__pUxqKqnMlQ__c0.mp4,0
youtube_achBGygj1-c__c1.mp4,0
youtube_axhcyNo7nTM__c1.mp4,0
youtube_axhcyNo7nTM__c2.mp4,0
youtube_axhcyNo7nTM__c3.mp4,0
youtube_axhcyNo7nTM__c4.mp4,0
youtube_axhcyNo7nTM__c5.mp4,0
youtube_bMHGHAo70Gk__c1.mp4,0
youtube_bMHGHAo70Gk__c2.mp4,0
youtube_bMHGHAo70Gk__c3.mp4,0
youtube_bMHGHAo70Gk__c5.mp4,0
youtube_bR-Mvu6Jlvc__c2.mp4,0
youtube_bXekc44oCM0__c1.mp4,0
youtube_bXekc44oCM0__c2.mp4,0
youtube_bXekc44oCM0__c4.mp4,0
youtube_bZ4sq9liNCE__c0.mp4,0
youtube_beFDZENRuS8__c1.mp4,0
youtube_beFDZENRuS8__c4.mp4,0
youtube_bmTTAv8GH7Q__c1.mp4,0
youtube_bmTTAv8GH7Q__c2.mp4,0
youtube_bmTTAv8GH7Q__c3.mp4,0
youtube_bmTTAv8GH7Q__c5.mp4,0
youtube_bwizqCZpSaA__c1.mp4,0
youtube_bwizqCZpSaA__c2.mp4,0
youtube_cIDDGeW-oi4__c0.mp4,0
youtube_cIDDGeW-oi4__c1.mp4,0
youtube_cIDDGeW-oi4__c3.mp4,0
youtube_cYpiR1ElQFk__c4.mp4,0
youtube_cZFqcvhHkcI__c0.mp4,0
youtube_cZFqcvhHkcI__c1.mp4,0
youtube_cmNFM6AW_Vk__c0.mp4,0
youtube_cmNFM6AW_Vk__c2.mp4,0
youtube_cr8sLxde1m8__c4.mp4,0
youtube_d4PLCGlQfdY__c1.mp4,0
youtube_d4PLCGlQfdY__c2.mp4,0
youtube_d4PLCGlQfdY__c3.mp4,0
youtube_d4PLCGlQfdY__c4.mp4,0
youtube_d4PLCGlQfdY__c5.mp4,0
youtube_d4f1jqb3Yis__c0.mp4,0
youtube_dEJ39RAq4jU__c4.mp4,0
youtube_dOOlOUIrhHw__c1.mp4,0
youtube_dOOlOUIrhHw__c2.mp4,0
youtube_dOOlOUIrhHw__c3.mp4,0
youtube_dOOlOUIrhHw__c4.mp4,0
youtube_dxqz0QpjyCU__c2.mp4,0
youtube_dxqz0QpjyCU__c4.mp4,0
youtube_e5GDnD_WA2Q__c0.mp4,0
youtube_e5lGzTzm0VY__c0.mp4,0
youtube_eJPIRbI0dok__c2.mp4,0
youtube_eO7uUGkqlXo__c1.mp4,0
youtube_eZRz7k83W-Y__c2.mp4,0
youtube_ebBbj4nDyLg__c1.mp4,0
youtube_eqX38J9ya1I__c2.mp4,0
youtube_eqX38J9ya1I__c4.mp4,0
youtube_erfgEHHfFkU__c1.mp4,0
youtube_f16HtXB5Fmk__c0.mp4,0
youtube_fU1YJE9HKaQ__c0.mp4,0
youtube_fYD-seczQ8U__c1.mp4,0
youtube_fYD-seczQ8U__c2.mp4,0
youtube_fYD-seczQ8U__c5.mp4,0
youtube_f_tzhN75Vs0__c0.mp4,0
youtube_f_tzhN75Vs0__c1.mp4,0
youtube_f_tzhN75Vs0__c5.mp4,0
youtube_fyRXqSxEwSM__c1.mp4,0
youtube_gHATjriRjAk__c2.mp4,0
youtube_gQLFZ5jagQg__c1.mp4,0
youtube_gVqUUcYEn0s__c0.mp4,0
youtube_giwzAwkmiy4__c1.mp4,0
youtube_giwzAwkmiy4__c2.mp4,0
youtube_h5sCj8ic1rM__c1.mp4,0
youtube_h5sCj8ic1rM__c2.mp4,0
youtube_h5sCj8ic1rM__c3.mp4,0
youtube_h5sCj8ic1rM__c4.mp4,0
youtube_hQ9N4F7Ufgk__c1.mp4,0
youtube_hQ9N4F7Ufgk__c2.mp4,0
youtube_heLBUmcxE_U__c1.mp4,0
youtube_i0QDeL2xNDI__c1.mp4,0
youtube_i0QDeL2xNDI__c2.mp4,0
youtube_i0QDeL2xNDI__c3.mp4,0
youtube_iJFIzE3i0X0__c0.mp4,0
youtube_iJFIzE3i0X0__c3.mp4,0
youtube_iTefkqYQz8g__c1.mp4,0
youtube_ieBEEYsrNSQ__c0.mp4,0
youtube_ieBEEYsrNSQ__c1.mp4,0
youtube_ikvrwOnay3g__c0.mp4,0
youtube_ikvrwOnay3g__c4.mp4,0
youtube_ime6G11VKGI__c2.mp4,0
youtube_ime6G11VKGI__c3.mp4,0
youtube_ime6G11VKGI__c4.mp4,0
youtube_ime6G11VKGI__c5.mp4,0
youtube_inx2dMobzYs__c5.mp4,0
youtube_jnGYs_J4wjo__c0.mp4,0
youtube_jnGYs_J4wjo__c5.mp4,0
youtube_k0YYMa3tjzY__c1.mp4,0
youtube_k0YYMa3tjzY__c2.mp4,0
youtube_k0YYMa3tjzY__c3.mp4,0
youtube_k0YYMa3tjzY__c4.mp4,0
youtube_k0YYMa3tjzY__c5.mp4,0
youtube_k9ANshFZ5aE__c1.mp4,0
youtube_kOfH54GjCVc__c4.mp4,0
youtube_kyow7KAHDks__c3.mp4,0
youtube_l63rPznhKfc__c1.mp4,0
youtube_l63rPznhKfc__c2.mp4,0
youtube_l63rPznhKfc__c4.mp4,0
youtube_l63rPznhKfc__c5.mp4,0
youtube_laGXRs9Ce70__c1.mp4,0
youtube_laGXRs9Ce70__c3.mp4,0
youtube_laGXRs9Ce70__c5.mp4,0
youtube_lfid5DUoSBI__c1.mp4,0
youtube_lfid5DUoSBI__c4.mp4,0
youtube_lfid5DUoSBI__c5.mp4,0
youtube_m-uoonUEJfI__c0.mp4,0
youtube_m-uoonUEJfI__c4.mp4,0
youtube_mJLROKV2SzU__c0.mp4,0
youtube_mJLROKV2SzU__c5.mp4,0
youtube_mUiHUMu4Zgk__c2.mp4,0
youtube_mUiHUMu4Zgk__c3.mp4,0
youtube_mUiHUMu4Zgk__c4.mp4,0
youtube_mcFxYIp5SSU__c0.mp4,0
youtube_mcFxYIp5SSU__c1.mp4,0
youtube_mcFxYIp5SSU__c2.mp4,0
youtube_mcFxYIp5SSU__c5.mp4,0
youtube_mhgNz_XuAus__c3.mp4,0
youtube_n8aA3DfiVuE__c0.mp4,0
youtube_n8aA3DfiVuE__c1.mp4,0
youtube_n8aA3DfiVuE__c4.mp4,0
youtube_nGrRf1wD320__c3.mp4,0
youtube_nP2swgDVl5M__c2.mp4,0
youtube_nP2swgDVl5M__c3.mp4,0
youtube_ncKf5JIvDgI__c4.mp4,0
youtube_ncKf5JIvDgI__c5.mp4,0
youtube_o4TIVZdQ-kI__c1.mp4,0
youtube_o4TIVZdQ-kI__c2.mp4,0
youtube_oFumGVRhHvU__c0.mp4,0
youtube_oFumGVRhHvU__c1.mp4,0
youtube_p7GNey32VB4__c0.mp4,0
youtube_p7GNey32VB4__c1.mp4,0
youtube_p7GNey32VB4__c2.mp4,0
youtube_p7GNey32VB4__c4.mp4,0
youtube_pCwlfSTNK3A__c1.mp4,0
youtube_pCwlfSTNK3A__c3.mp4,0
youtube_pGsbEd6w7PI__c4.mp4,0
youtube_pRiu3lxPZAw__c1.mp4,0
youtube_pRiu3lxPZAw__c2.mp4,0
youtube_pRiu3lxPZAw__c4.mp4,0
youtube_pRiu3lxPZAw__c5.mp4,0
youtube_qSnfMH8OX1g__c3.mp4,0
youtube_qZak_b78xIU__c1.mp4,0
youtube_qZak_b78xIU__c2.mp4,0
youtube_rJAMyrF7bPc__c0.mp4,0
youtube_rJAMyrF7bPc__c2.mp4,0
youtube_rJWFxu6k1g4__c1.mp4,0
youtube_rJWFxu6k1g4__c2.mp4,0
youtube_rKgtm81yi94__c0.mp4,0
youtube_rKgtm81yi94__c1.mp4,0
youtube_rKgtm81yi94__c3.mp4,0
youtube_rKgtm81yi94__c4.mp4,0
youtube_rlg-MXR5amQ__c0.mp4,0
youtube_rlg-MXR5amQ__c1.mp4,0
youtube_rlg-MXR5amQ__c2.mp4,0
youtube_rlg-MXR5amQ__c4.mp4,0
youtube_sCf9z9uArO0__c0.mp4,0
youtube_sCf9z9uArO0__c2.mp4,0
youtube_sCf9z9uArO0__c4.mp4,0
youtube_sCf9z9uArO0__c5.mp4,0
youtube_sydha1suOvY__c2.mp4,0
youtube_sydha1suOvY__c4.mp4,0
youtube_t2FoxBZD3tI__c0.mp4,0
youtube_t2FoxBZD3tI__c2.mp4,0
youtube_t2FoxBZD3tI__c3.mp4,0
youtube_t2FoxBZD3tI__c4.mp4,0
youtube_t2FoxBZD3tI__c5.mp4,0
youtube_tGI68Hro2Bg__c1.mp4,0
youtube_tGI68Hro2Bg__c2.mp4,0
youtube_tH3xn9jIGJU__c0.mp4,0
youtube_tH3xn9jIGJU__c3.mp4,0
youtube_tH3xn9jIGJU__c4.mp4,0
youtube_tYUB3hruvDE__c1.mp4,0
youtube_tYUB3hruvDE__c2.mp4,0
youtube_tYUB3hruvDE__c3.mp4,0
youtube_tYUB3hruvDE__c4.mp4,0
youtube_tYv44wQYePg__c2.mp4,0
youtube_tutjWuY-IBY__c0.mp4,0
youtube_tutjWuY-IBY__c1.mp4,0
youtube_tutjWuY-IBY__c3.mp4,0
youtube_tyIY6JlmP7M__c2.mp4,0
youtube_u7kcSHGkVr4__c1.mp4,0
youtube_u7kcSHGkVr4__c2.mp4,0
youtube_uIyuLkZjDbY__c0.mp4,0
youtube_uMZ2dAMhJSM__c3.mp4,0
youtube_uMZ2dAMhJSM__c4.mp4,0
youtube_uUfq1WJW7Xs__c0.mp4,0
youtube_uf6zZfLat-8__c1.mp4,0
youtube_uf6zZfLat-8__c4.mp4,0
youtube_uo_cSKKaQA8__c1.mp4,0
youtube_uo_cSKKaQA8__c2.mp4,0
youtube_vJ8p_BViUKc__c0.mp4,0
youtube_vR3UWx-G9Ks__c1.mp4,0
youtube_vlDUW9f8wIs__c1.mp4,0
youtube_vuW-L6ettx0__c1.mp4,0
youtube_vv0r9yiQG-w__c1.mp4,0
youtube_wIRuMJj_igE__c2.mp4,0
youtube_wIRuMJj_igE__c3.mp4,0
youtube_wIRuMJj_igE__c4.mp4,0
youtube_wIRuMJj_igE__c5.mp4,0
youtube_wPniV1FY5zs__c0.mp4,0
youtube_wa4pq40_V04__c1.mp4,0
youtube_wywU0K8BTME__c5.mp4,0
youtube_xFRZuh0f9Ys__c0.mp4,0
youtube_xFRZuh0f9Ys__c2.mp4,0
youtube_xFRZuh0f9Ys__c4.mp4,0
youtube_xrbyI-Cuze4__c3.mp4,0
youtube_xx8mwytj4CY__c1.mp4,0
youtube_xx8mwytj4CY__c2.mp4,0
youtube_xx8mwytj4CY__c3.mp4,0
youtube_xx8mwytj4CY__c4.mp4,0
youtube_xx8mwytj4CY__c5.mp4,0
youtube_y2JxLWXTEu8__c1.mp4,0
youtube_y2JxLWXTEu8__c2.mp4,0
youtube_yUzvXA5HmtE__c2.mp4,0
youtube_yUzvXA5HmtE__c4.mp4,0
youtube_yxRzX3MZr2U__c4.mp4,0
youtube_zBN5aa3jAHw__c2.mp4,0
youtube_zBN5aa3jAHw__c4.mp4,0
youtube_zBN5aa3jAHw__c5.mp4,0
youtube_zIMC6HPJaIw__c1.mp4,0
youtube_zIMC6HPJaIw__c2.mp4,0
youtube_zIMC6HPJaIw__c3.mp4,0
youtube_zIMC6HPJaIw__c4.mp4,0
youtube_zPQYunNwXsQ__c0.mp4,0
youtube_zSc7ve-Y1MU__c1.mp4,0
youtube_zSc7ve-Y1MU__c2.mp4,0
youtube_zSc7ve-Y1MU__c4.mp4,0
youtube_zSc7ve-Y1MU__c5.mp4,0
youtube_zp4TADRetlw__c0.mp4,0
youtube_zp4TADRetlw__c1.mp4,0
youtube_zp4TADRetlw__c3.mp4,0
youtube_zp4TADRetlw__c5.mp4,0
youtube_--y7U069MJo__c2.mp4,1
youtube_-0jRf2msdIo__c1.mp4,1
youtube_-0jRf2msdIo__c2.mp4,1
youtube_-L5n9M-atvc__c0.mp4,1
youtube_-VhMMjAREos__c0.mp4,1
youtube_-_p287UVkEw__c2.mp4,1
youtube_-cROWwDtinA__c0.mp4,1
youtube_-fuivShAakM__c0.mp4,1
youtube_-fuivShAakM__c2.mp4,1
youtube_-o29U9d8lzE__c0.mp4,1
youtube_-o29U9d8lzE__c2.mp4,1
youtube_-wtP0bM6yag__c0.mp4,1
youtube_-wtP0bM6yag__c1.mp4,1
youtube_0-BEBdUuUFQ__c2.mp4,1
youtube_01Vi0rpxCak__c0.mp4,1
youtube_0P8tv5KORHA__c1.mp4,1
youtube_0Tke98Iy3cM__c0.mp4,1
youtube_0rqqhRCNFqM__c1.mp4,1
youtube_0rqqhRCNFqM__c2.mp4,1
youtube_0vtgztPcWgI__c0.mp4,1
youtube_0yJysodFCyY__c1.mp4,1
youtube_0yJysodFCyY__c2.mp4,1
youtube_14RBhs5oAQI__c1.mp4,1
youtube_14RBhs5oAQI__c2.mp4,1
youtube_1ElHXqu2OGk__c0.mp4,1
youtube_1HI4aST_VZ8__c1.mp4,1
youtube_1JJxyJ-sS0M__c0.mp4,1
youtube_1JJxyJ-sS0M__c1.mp4,1
youtube_1JJxyJ-sS0M__c2.mp4,1
youtube_1jtOzBlXRyc__c2.mp4,1
youtube_1q-n2_SRF14__c0.mp4,1
youtube_1sLTonyPZG0__c0.mp4,1
youtube_1uMETr9nIRk__c1.mp4,1
youtube_1w-PQ9GhVMc__c2.mp4,1
youtube_20UNQ8bI-QY__c0.mp4,1
youtube_22J5aZdk-JI__c0.mp4,1
youtube_2mc7UGx2_Vs__c0.mp4,1
youtube_2o5A5g4H9_I__c1.mp4,1
youtube_2y6-aDQjsfY__c0.mp4,1
youtube_3G8EC6Tf-5c__c0.mp4,1
youtube_3G8EC6Tf-5c__c1.mp4,1
youtube_3G8EC6Tf-5c__c2.mp4,1
youtube_3I_yw1yLOpc__c0.mp4,1
youtube_3I_yw1yLOpc__c1.mp4,1
youtube_3SToncLwFik__c1.mp4,1
youtube_3SToncLwFik__c2.mp4,1
youtube_3_tE3SqS6Y0__c0.mp4,1
youtube_3_tE3SqS6Y0__c1.mp4,1
youtube_3wVpVH0Wa6E__c1.mp4,1
youtube_4LgHZOF5l2Y__c0.mp4,1
youtube_4LgHZOF5l2Y__c1.mp4,1
youtube_4Wppe1vcxhE__c0.mp4,1
youtube_4bhIp6YzEfc__c1.mp4,1
youtube_4bhIp6YzEfc__c2.mp4,1
youtube_4xoDZCyXpNU__c1.mp4,1
youtube_4z0zj8pNGbE__c2.mp4,1
youtube_5MxghuGOhfY__c0.mp4,1
youtube_5MxghuGOhfY__c2.mp4,1
youtube_5QxIzAW34_o__c1.mp4,1
youtube_5V-HWHl0LPA__c0.mp4,1
youtube_5WmKbMQozTg__c2.mp4,1
youtube_5jWpsfIvAec__c0.mp4,1
youtube_5v6x3TaRf1A__c0.mp4,1
youtube_63hWNwC_NFI__c0.mp4,1
youtube_63hWNwC_NFI__c1.mp4,1
youtube_63hWNwC_NFI__c2.mp4,1
youtube_6EweImuVfHs__c0.mp4,1
youtube_6EweImuVfHs__c1.mp4,1
youtube_6EweImuVfHs__c2.mp4,1
youtube_6WiNF525q0o__c0.mp4,1
youtube_6viif3mKc2Q__c0.mp4,1
youtube_7MJAWQM_QCg__c0.mp4,1
youtube_7akzhpx0EIU__c2.mp4,1
youtube_7dxeyFbvpYY__c0.mp4,1
youtube_7trnfpx0WPE__c1.mp4,1
youtube_8OXmW4xERLI__c0.mp4,1
youtube_8aE1RYWbNOU__c2.mp4,1
youtube_8j4NwGbl1Zc__c1.mp4,1
youtube_8j4NwGbl1Zc__c2.mp4,1
youtube_8vnWj8jECgQ__c0.mp4,1
youtube_8zl7DL_CfXo__c0.mp4,1
youtube_8zsehJKRMqw__c0.mp4,1
youtube_8zsehJKRMqw__c1.mp4,1
youtube_8zsehJKRMqw__c2.mp4,1
youtube_91V_UBRlaSw__c1.mp4,1
youtube_9N-UW4myUJk__c1.mp4,1
youtube_9OWo9Nznumc__c0.mp4,1
youtube_9PRj2YYI1es__c0.mp4,1
youtube_9PRj2YYI1es__c2.mp4,1
youtube_9spUjRWsDy0__c0.mp4,1
youtube_9tREMfJi874__c0.mp4,1
youtube_9tREMfJi874__c1.mp4,1
youtube_9tREMfJi874__c2.mp4,1
youtube_A2AGJh9ET6U__c2.mp4,1
youtube_A4KfsC4n3Y8__c1.mp4,1
youtube_A4KfsC4n3Y8__c2.mp4,1
youtube_A9DjQ_Z1NX8__c0.mp4,1
youtube_A9DjQ_Z1NX8__c1.mp4,1
youtube_A9gE51yb0eg__c0.mp4,1
youtube_ADXczLJtHss__c0.mp4,1
youtube_ADXczLJtHss__c1.mp4,1
youtube_ADXczLJtHss__c2.mp4,1
youtube_ANPo3-sFoNI__c0.mp4,1
youtube_Ah8Xw9-ZJwo__c0.mp4,1
youtube_Ah8Xw9-ZJwo__c1.mp4,1
youtube_Ah8Xw9-ZJwo__c2.mp4,1
youtube_AlQV8FniSFs__c0.mp4,1
youtube_AlQV8FniSFs__c2.mp4,1
youtube_B64OtltDgOU__c1.mp4,1
youtube_B64OtltDgOU__c2.mp4,1
youtube_BQdc2T3jpik__c1.mp4,1
youtube_BbYYgfGbRZI__c0.mp4,1
youtube_BbYYgfGbRZI__c1.mp4,1
youtube_C2lCZq_8IM0__c2.mp4,1
youtube_CYjzuvyiOKY__c1.mp4,1
youtube_Ct1VGA617LU__c0.mp4,1
youtube_Ct1VGA617LU__c1.mp4,1
youtube_Ct1VGA617LU__c2.mp4,1
youtube_DKfjwyxzCm0__c0.mp4,1
youtube_DKfjwyxzCm0__c1.mp4,1
youtube_DLLnyJkoZNM__c0.mp4,1
youtube_DNrWqRrCPgo__c1.mp4,1
youtube_DNrWqRrCPgo__c2.mp4,1
youtube_DRscnK3fc6w__c0.mp4,1
youtube_DXGAG0ymKjo__c1.mp4,1
youtube_DeeqTWqZj3E__c0.mp4,1
youtube_E1rc8dCVuq8__c0.mp4,1
youtube_E1rc8dCVuq8__c1.mp4,1
youtube_E5BAU_Wz7js__c1.mp4,1
youtube_E8ErK8HLJ_8__c0.mp4,1
youtube_E8ErK8HLJ_8__c1.mp4,1
youtube_EFkFuijFAJY__c0.mp4,1
youtube_EOwiXHC2xk4__c1.mp4,1
youtube_EdM0Ge1d5UM__c1.mp4,1
youtube_EesagX7tXBQ__c1.mp4,1
youtube_Eyy-ki3z4TA__c1.mp4,1
youtube_Ez7cwPMs9DA__c0.mp4,1
youtube_Ez7cwPMs9DA__c1.mp4,1
youtube_Ez7cwPMs9DA__c2.mp4,1
youtube_EzdVrev4MvM__c2.mp4,1
youtube_F7cgbcJVulU__c0.mp4,1
youtube_FDi7_xUZ5Ac__c0.mp4,1
youtube_FDi7_xUZ5Ac__c1.mp4,1
youtube_FP5O69bXKXA__c0.mp4,1
youtube_FP5O69bXKXA__c1.mp4,1
youtube_FR1RnO4e-mI__c1.mp4,1
youtube_FTPYq7VNQf8__c0.mp4,1
youtube_FTPYq7VNQf8__c2.mp4,1
youtube_FcfUE7vU_oE__c1.mp4,1
youtube_FiuA52hrm4o__c0.mp4,1
youtube_FiuA52hrm4o__c1.mp4,1
youtube_FiuA52hrm4o__c2.mp4,1
youtube_Fl5VqY9Etks__c1.mp4,1
youtube_Fx-XoTSBfcs__c1.mp4,1
youtube_G1VfUOi4LMo__c2.mp4,1
youtube_G4jSWThpDzc__c0.mp4,1
youtube_G4jSWThpDzc__c2.mp4,1
youtube_GISRgNbRkGE__c0.mp4,1
youtube_GK24ZfXBnlI__c0.mp4,1
youtube_GK24ZfXBnlI__c1.mp4,1
youtube_GT3pcfmNdX4__c0.mp4,1
youtube_GT3pcfmNdX4__c2.mp4,1
youtube_GUDEKngPA78__c0.mp4,1
youtube_GvM-7Ef7Vs8__c0.mp4,1
youtube_GvM-7Ef7Vs8__c1.mp4,1
youtube_H0ca7DGBtO4__c0.mp4,1
youtube_H0ca7DGBtO4__c1.mp4,1
youtube_H0ca7DGBtO4__c2.mp4,1
youtube_HDZ7EzyQRag__c2.mp4,1
youtube_HFVWGN1gEGI__c0.mp4,1
youtube_HVH0hrI71zQ__c1.mp4,1
youtube_HcT8_CXTF_U__c0.mp4,1
youtube_Hew9FmhZXfc__c0.mp4,1
youtube_HrfE7acpQl8__c2.mp4,1
youtube_IPo-5DBQyz4__c0.mp4,1
youtube_Il4V8nrpb5k__c2.mp4,1
youtube_IlcmhLAtbhI__c0.mp4,1
youtube_Iw6gBjaUqHA__c1.mp4,1
youtube_Iw6gBjaUqHA__c2.mp4,1
youtube_JEEeZChZVcs__c2.mp4,1
youtube_JKLeJqc-Mfw__c2.mp4,1
youtube_JOnTYuXB9NE__c2.mp4,1
youtube_JTdw8NtwBiY__c0.mp4,1
youtube_JTdw8NtwBiY__c1.mp4,1
youtube_JVyJ3Swad2k__c1.mp4,1
youtube_JVyJ3Swad2k__c2.mp4,1
youtube_JWIxeBycAWE__c1.mp4,1
youtube_JaKYn6tHWcA__c2.mp4,1
youtube_K5PBidIecfU__c0.mp4,1
youtube_K7TWvDGhWd8__c0.mp4,1
youtube_K7TWvDGhWd8__c2.mp4,1
youtube_KD5M_InGjDI__c0.mp4,1
youtube_KD5M_InGjDI__c2.mp4,1
youtube_KGRcsQmmPyM__c1.mp4,1
youtube_KUOkt9Ba8t8__c0.mp4,1
youtube_KUOkt9Ba8t8__c1.mp4,1
youtube_KYaea9ihl-Y__c0.mp4,1
youtube_KYaea9ihl-Y__c1.mp4,1
youtube_KYaea9ihl-Y__c2.mp4,1
youtube_KbaKTz9FW2E__c1.mp4,1
youtube_KhKrMYQJFds__c1.mp4,1
youtube_KiiWu6cz83A__c0.mp4,1
youtube_KoG-grHwUTo__c1.mp4,1
youtube_KsIsyeJqxX8__c1.mp4,1
youtube_Kz9a8yb5PKM__c0.mp4,1
youtube_LBeNOEsVM7I__c0.mp4,1
youtube_LNz8uy2fhvs__c0.mp4,1
youtube_Lpd2MuyrOss__c1.mp4,1
youtube_Lpd2MuyrOss__c2.mp4,1
youtube_M8ux27Tkmpc__c0.mp4,1
youtube_M8ux27Tkmpc__c1.mp4,1
youtube_Md2kHlhhiKg__c0.mp4,1
youtube_MjyBswm3dG4__c0.mp4,1
youtube_MlPTKs256DE__c1.mp4,1
youtube_NAmGl9Z7NJE__c0.mp4,1
youtube_NAmGl9Z7NJE__c1.mp4,1
youtube_NFxECndxFsE__c0.mp4,1
youtube_NFxECndxFsE__c2.mp4,1
youtube_NkGMZ8qlKvU__c0.mp4,1
youtube_Ny8O7YWAtRI__c0.mp4,1
youtube_Ny8O7YWAtRI__c1.mp4,1
youtube_O6e_k9FugCo__c1.mp4,1
youtube_OD7lB_8ftvY__c2.mp4,1
youtube_OG8xt5KPMnI__c2.mp4,1
youtube_OOcMPoRBEZg__c0.mp4,1
youtube_OOcMPoRBEZg__c1.mp4,1
youtube_OOcMPoRBEZg__c2.mp4,1
youtube_OgQKLBx79u0__c1.mp4,1
youtube_OgQKLBx79u0__c2.mp4,1
youtube_Os8rmDYX3FU__c2.mp4,1
youtube_P23OiJzybEA__c2.mp4,1
youtube_PAcJ3C0GQy8__c1.mp4,1
youtube_PAcJ3C0GQy8__c2.mp4,1
youtube_PDdg6s1cWAY__c0.mp4,1
youtube_PDdg6s1cWAY__c1.mp4,1
youtube_PSL4KdTUFKU__c0.mp4,1
youtube_PSL4KdTUFKU__c1.mp4,1
youtube_PSL4KdTUFKU__c2.mp4,1
youtube_PaI1Vv9MpYY__c1.mp4,1
youtube_PaI1Vv9MpYY__c2.mp4,1
youtube_PaI1Vv9MpYY__c2__t0.mp4,1
youtube_PkKUPLprj4Q__c0.mp4,1
youtube_QlJcerHnrqM__c0.mp4,1
youtube_QlJcerHnrqM__c1.mp4,1
youtube_R0W0wodPKXc__c1.mp4,1
youtube_R0W0wodPKXc__c2.mp4,1
youtube_R5d7QLr7lGQ__c0.mp4,1
youtube_RDRs920pLT0__c0.mp4,1
youtube_RRcYKqz5e8U__c0.mp4,1
youtube_RRcYKqz5e8U__c1.mp4,1
youtube_RTH6QVCc7J0__c1.mp4,1
youtube_RTca6pRTz0g__c0.mp4,1
youtube_RTca6pRTz0g__c1.mp4,1
youtube_RbIl-YrTWdk__c1.mp4,1
youtube_RbIl-YrTWdk__c2.mp4,1
youtube_RezmD5bSMGI__c1.mp4,1
youtube_RmcMNPt1OV0__c2.mp4,1
youtube_S1RnJarxv7Y__c0.mp4,1
youtube_S6Oi9JDETuE__c2.mp4,1
youtube_SDty803-hxg__c0.mp4,1
youtube_SGiKFUmz2Jk__c0.mp4,1
youtube_SGiKFUmz2Jk__c1.mp4,1
youtube_ScFgXb2S2lQ__c0.mp4,1
youtube_ScFgXb2S2lQ__c1.mp4,1
youtube_ScFgXb2S2lQ__c2.mp4,1
youtube_SfIxNFlnOEQ__c0.mp4,1
youtube_Sor6mhBsS8A__c2.mp4,1
youtube_TPrs0AkNlE4__c2.mp4,1
youtube_TeVC-zY9KFQ__c2.mp4,1
youtube_Th6vMMYh4AY__c1.mp4,1
youtube_Tm1XNLyEsCE__c0.mp4,1
youtube_UUeZrcLXISA__c0.mp4,1
youtube_UUeZrcLXISA__c2.mp4,1
youtube_UeIczVj0hoo__c0.mp4,1
youtube_UyQIUuP0qtg__c2.mp4,1
youtube_Uzk8aC5G9XA__c0.mp4,1
youtube_Uzk8aC5G9XA__c1.mp4,1
youtube_V1LFelrw4jY__c1.mp4,1
youtube_V1LFelrw4jY__c2.mp4,1
youtube_VQlDkPfbXvw__c0.mp4,1
youtube_VkU0lfgwXpA__c0.mp4,1
youtube_VkU0lfgwXpA__c1.mp4,1
youtube_VkU0lfgwXpA__c2.mp4,1
youtube_Vm5Ckf3Qhvo__c0.mp4,1
youtube_W4XLSzuQd2w__c1.mp4,1
youtube_W4XLSzuQd2w__c2.mp4,1
youtube_W8BwcYXqfFk__c1.mp4,1
youtube_WU1gQzu6-vM__c0.mp4,1
youtube_WU1gQzu6-vM__c1.mp4,1
youtube_WU1gQzu6-vM__c2.mp4,1
youtube_WUb4AkqqOQY__c2.mp4,1
youtube_WUirmczVjtk__c0.mp4,1
youtube_WbCTxvjTLpM__c0.mp4,1
youtube_WtJUwzhlZPs__c0.mp4,1
youtube_WtJUwzhlZPs__c1.mp4,1
youtube_WzK1MBEpkJ0__c0.mp4,1
youtube_WzjAIyQvEL4__c0.mp4,1
youtube_X0BA0x2u_Bw__c2.mp4,1
youtube_X1R2GGJ2OKA__c0.mp4,1
youtube_X5Ny05kLOZ0__c0.mp4,1
youtube_X5Ny05kLOZ0__c1.mp4,1
youtube_X6AVJWaNNMY__c0.mp4,1
youtube_X6AVJWaNNMY__c2.mp4,1
youtube_XCDhHEa83uQ__c1.mp4,1
youtube_XCDhHEa83uQ__c2.mp4,1
youtube_XI18uSONr98__c1.mp4,1
youtube_XI18uSONr98__c2.mp4,1
youtube_XYtIiK_FpCY__c0.mp4,1
youtube_XZOgcGhF9sI__c2.mp4,1
youtube_X_B7_qVFgu0__c0.mp4,1
youtube_Xe1_L-a-nSI__c0.mp4,1
youtube_XnrcqCLb2X0__c1.mp4,1
youtube_Xt43kiTkm1Q__c1.mp4,1
youtube_Xt43kiTkm1Q__c2.mp4,1
youtube_Y66sZxQfzyk__c0.mp4,1
youtube_YbztbmMtDZM__c0.mp4,1
youtube_YbztbmMtDZM__c1.mp4,1
youtube_Ym97-xYWQN4__c0.mp4,1
youtube_Ym97-xYWQN4__c1.mp4,1
youtube_Ym97-xYWQN4__c2.mp4,1
youtube_Z1hU8VsrH8A__c0.mp4,1
youtube_Z76UuNPf5G8__c1.mp4,1
youtube_Z76UuNPf5G8__c2.mp4,1
youtube_ZCZ3BaC5J2Y__c2.mp4,1
youtube_ZFiNQC_iE18__c0.mp4,1
youtube_ZFiNQC_iE18__c2.mp4,1
youtube_ZJf1MMVD4w4__c1.mp4,1
youtube_ZLhtG7dOj3M__c0.mp4,1
youtube_ZZM9y7Rh8co__c0.mp4,1
youtube_Z_2DEcR3O9I__c0.mp4,1
youtube_Z_2DEcR3O9I__c2.mp4,1
youtube_Z_bk24JAiZQ__c1.mp4,1
youtube_ZgxeqTusq8k__c0.mp4,1
youtube_ZjkCr0vy_7A__c2.mp4,1
youtube__0R2D_seFhw__c1.mp4,1
youtube__FhVttcREcg__c1.mp4,1
youtube__FhVttcREcg__c2.mp4,1
youtube__GtLmbS2LHU__c1.mp4,1
youtube__eU_GCg1ecA__c0.mp4,1
youtube_a42dPyTDJ4E__c0.mp4,1
youtube_a42dPyTDJ4E__c1.mp4,1
youtube_a42dPyTDJ4E__c2.mp4,1
youtube_aGPW0zoowrs__c1.mp4,1
youtube_aHG93b4jouA__c0.mp4,1
youtube_aHG93b4jouA__c1.mp4,1
youtube_aHG93b4jouA__c2.mp4,1
youtube_aRD6w_E6gVA__c0.mp4,1
youtube_aTunY5y4BwE__c1.mp4,1
youtube_apyf4GSWeyI__c0.mp4,1
youtube_apyf4GSWeyI__c2.mp4,1
youtube_asKx9MDIyZY__c0.mp4,1
youtube_b3CEBlkH2fo__c0.mp4,1
youtube_b3CEBlkH2fo__c2.mp4,1
youtube_b3CEBlkH2fo__c2__t1.mp4,1
youtube_bEdmMDvsXdo__c0.mp4,1
youtube_bdob6tGyknU__c0.mp4,1
youtube_bin920C9H6o__c0.mp4,1
youtube_bin920C9H6o__c2.mp4,1
youtube_bsBolXmc6SE__c1.mp4,1
youtube_bsRHXREwUXo__c0.mp4,1
youtube_bsRHXREwUXo__c1.mp4,1
youtube_bv1S8n2M2PM__c0.mp4,1
youtube_bwinH_on9lo__c0.mp4,1
youtube_bzoGMlLuemI__c0.mp4,1
youtube_cEPSOFAG_Aw__c0.mp4,1
youtube_cEPSOFAG_Aw__c1.mp4,1
youtube_cFK_nmLiFys__c0.mp4,1
youtube_cFK_nmLiFys__c2.mp4,1
youtube_ckpfxlT12ZE__c1.mp4,1
youtube_cnzV6ct8nAg__c0.mp4,1
youtube_cnzV6ct8nAg__c1.mp4,1
youtube_cnzV6ct8nAg__c2.mp4,1
youtube_cqXMdRg485w__c1.mp4,1
youtube_dEH7p1kfksY__c1.mp4,1
youtube_dEH7p1kfksY__c2.mp4,1
youtube_dJN5vCC64RM__c0.mp4,1
youtube_dJN5vCC64RM__c2.mp4,1
youtube_dQnGmbEz6jk__c0.mp4,1
youtube_dQnGmbEz6jk__c1.mp4,1
youtube_dS6Lej1wNsc__c0.mp4,1
youtube_dS6Lej1wNsc__c1.mp4,1
youtube_dS6Lej1wNsc__c2.mp4,1
youtube_dXNM2LcfjhI__c0.mp4,1
youtube_dXNM2LcfjhI__c1.mp4,1
youtube_drEtKzFHJCA__c2.mp4,1
youtube_dro9t1IykFk__c1.mp4,1
youtube_dro9t1IykFk__c2.mp4,1
youtube_duoGnXFWnX0__c0.mp4,1
youtube_eHkolmnFVho__c0.mp4,1
youtube_eHkolmnFVho__c1.mp4,1
youtube_eSeKXKIYRnA__c1.mp4,1
youtube_elkdmy97cZQ__c0.mp4,1
youtube_ep5DfADH-VQ__c0.mp4,1
youtube_ep5DfADH-VQ__c1.mp4,1
youtube_ep5DfADH-VQ__c2.mp4,1
youtube_exEc0Iz8X7Q__c0.mp4,1
youtube_f8bPUXXV4YQ__c0.mp4,1
youtube_fIr3NA9OukI__c0.mp4,1
youtube_fPYmm7cDbkU__c0.mp4,1
youtube_fYRUz4GgX7Q__c0.mp4,1
youtube_fYRUz4GgX7Q__c2.mp4,1
youtube_gNYkspmq5e0__c0.mp4,1
youtube_gNYkspmq5e0__c1.mp4,1
youtube_gNYkspmq5e0__c2.mp4,1
youtube_gYjIjfVkrp0__c0.mp4,1
youtube_gYjIjfVkrp0__c2.mp4,1
youtube_g_pcMYDGU3Q__c0.mp4,1
youtube_g_pcMYDGU3Q__c1.mp4,1
youtube_g_pcMYDGU3Q__c2.mp4,1
youtube_glh-L084Nsg__c1.mp4,1
youtube_hETVnoBAHfY__c1.mp4,1
youtube_hNpWEqe2SZQ__c2.mp4,1
youtube_hUPyY1RO3Jg__c0.mp4,1
youtube_hUPyY1RO3Jg__c1.mp4,1
youtube_h_7PChLYaqE__c0.mp4,1
youtube_hiWf71oMBxc__c0.mp4,1
youtube_hyXBgvfHfSQ__c0.mp4,1
youtube_hyXBgvfHfSQ__c1.mp4,1
youtube_i62sCK4-FLM__c0.mp4,1
youtube_i62sCK4-FLM__c1.mp4,1
youtube_i62sCK4-FLM__c2.mp4,1
youtube_iKmISSzgZ58__c0.mp4,1
youtube_iKmISSzgZ58__c1.mp4,1
youtube_iKmISSzgZ58__c2.mp4,1
youtube_iKnlA7vw9LM__c1.mp4,1
youtube_iKnlA7vw9LM__c2.mp4,1
youtube_iZu1hrIShVk__c2.mp4,1
youtube_iyiOVUbsPcM__c1.mp4,1
youtube_iyiOVUbsPcM__c2.mp4,1
youtube_j-vtauiHd3o__c0.mp4,1
youtube_j-vtauiHd3o__c2.mp4,1
youtube_j0wlhLuBi1E__c0.mp4,1
youtube_j0wlhLuBi1E__c1.mp4,1
youtube_j9igMBwpn9M__c1.mp4,1
youtube_j9igMBwpn9M__c2.mp4,1
youtube_j9tAj7bkDR4__c0.mp4,1
youtube_jH7XyCfCI4E__c0.mp4,1
youtube_jYWdF-xF-vI__c0.mp4,1
youtube_jf0-cR5ObvQ__c0.mp4,1
youtube_jf0-cR5ObvQ__c1.mp4,1
youtube_jjSXJ2pimC0__c0.mp4,1
youtube_jjSXJ2pimC0__c2.mp4,1
youtube_juKRqvosX28__c0.mp4,1
youtube_juKRqvosX28__c1.mp4,1
youtube_juKRqvosX28__c2.mp4,1
youtube_jzK6308KELM__c0.mp4,1
youtube_jzv0r7f1srk__c2.mp4,1
youtube_k0ddrGBJ9hU__c1.mp4,1
youtube_k56MaxkIIX4__c1.mp4,1
youtube_kEL3ALpd-p4__c2.mp4,1
youtube_kF7tiwXvvE0__c0.mp4,1
youtube_kOPGdGff2QI__c2.mp4,1
youtube_kx1_UNjddjQ__c0.mp4,1
youtube_l6eG1gjXqbU__c2.mp4,1
youtube_lDv5vNZNsiY__c1.mp4,1
youtube_l_R2aqtJ8NM__c0.mp4,1
youtube_llS_42wiPvg__c0.mp4,1
youtube_llS_42wiPvg__c1.mp4,1
youtube_luYFNjl4084__c0.mp4,1
youtube_lyGb9d5wXjs__c1.mp4,1
youtube_m-VBobtre9c__c0.mp4,1
youtube_m-VBobtre9c__c1.mp4,1
youtube_mG8GWgSE774__c0.mp4,1
youtube_mI6LKXRePaU__c0.mp4,1
youtube_mU1Hpb04VLI__c0.mp4,1
youtube_mU1Hpb04VLI__c2.mp4,1
youtube_mcMa5gAYlrI__c0.mp4,1
youtube_me6RF3TC4PY__c0.mp4,1
youtube_me6RF3TC4PY__c1.mp4,1
youtube_mktUH22HoVc__c0.mp4,1
youtube_nEMD7Dplij0__c0.mp4,1
youtube_nEMD7Dplij0__c2.mp4,1
youtube_nKfKVX2Kb-8__c0.mp4,1
youtube_nf5mQxwK-rA__c0.mp4,1
youtube_nf5mQxwK-rA__c1.mp4,1
youtube_noJ-r7XJptg__c0.mp4,1
youtube_npr4Z-lHJPI__c1.mp4,1
youtube_nwOywe7xLhs__c0.mp4,1
youtube_nzIC52_L8XM__c2.mp4,1
youtube_o-R4x_JpS_Q__c0.mp4,1
youtube_oOPnw49-5Es__c0.mp4,1
youtube_obXhzj7bppU__c0.mp4,1
youtube_odGgzCie_n8__c2.mp4,1
youtube_ox-lGeXpWoo__c0.mp4,1
youtube_oxXpB9pSETo__c0.mp4,1
youtube_p7-B8S734T4__c0.mp4,1
youtube_p7-B8S734T4__c2__t0.mp4,1
youtube_pIAkHLvoaLE__c1.mp4,1
youtube_pIAkHLvoaLE__c2.mp4,1
youtube_pPaYeeE46I8__c0.mp4,1
youtube_pPaYeeE46I8__c1.mp4,1
youtube_pPaYeeE46I8__c2.mp4,1
youtube_paKOBT4dv1I__c2.mp4,1
youtube_pkxNuTvHPlg__c0.mp4,1
youtube_pud_1PUoFXA__c1.mp4,1
youtube_qD5jGEF1Rrw__c0.mp4,1
youtube_qHyJymuQC3Y__c2.mp4,1
youtube_qJetwFb1dXU__c1.mp4,1
youtube_qcS7MrBwpq8__c1.mp4,1
youtube_qg5_IpCw5PI__c1.mp4,1
youtube_qmM0OEL5Jn8__c0.mp4,1
youtube_qmM0OEL5Jn8__c2.mp4,1
youtube_r3lHFVIXdU4__c0.mp4,1
youtube_r4pO07NzkSs__c1.mp4,1
youtube_rFtrm4jS8Zw__c1.mp4,1
youtube_rGmeiVm_lwE__c2.mp4,1
youtube_rKe4OVX5oTQ__c2.mp4,1
youtube_s5355huHb1Q__c2.mp4,1
youtube_sY62_i6apzM__c0.mp4,1
youtube_sY62_i6apzM__c1.mp4,1
youtube_sY62_i6apzM__c2.mp4,1
youtube_sYzYC4G79fI__c1.mp4,1
youtube_sxV0q-4N5GU__c0.mp4,1
youtube_t0xlsyOKQQo__c2.mp4,1
youtube_tLI3tB1XT74__c2.mp4,1
youtube_tbNbYEaii_M__c0.mp4,1
youtube_tcIHD26w3b0__c0.mp4,1
youtube_tcIHD26w3b0__c2.mp4,1
youtube_tsL3qBZR730__c0.mp4,1
youtube_tuxbHvFDizo__c0.mp4,1
youtube_uKbXloJ1zRw__c0.mp4,1
youtube_uVQaf5Tr-Zk__c0.mp4,1
youtube_uVQaf5Tr-Zk__c2.mp4,1
youtube_uwa8nB3pTCY__c0.mp4,1
youtube_uwa8nB3pTCY__c1.mp4,1
youtube_uwa8nB3pTCY__c2.mp4,1
youtube_v9ewyT9saXc__c1.mp4,1
youtube_vHG08YAKl4E__c1.mp4,1
youtube_vWo3RyR7lzs__c0.mp4,1
youtube_veYcTcWy2lA__c0.mp4,1
youtube_veYcTcWy2lA__c2.mp4,1
youtube_vlHPyVn0d0I__c2.mp4,1
youtube_vujIazyS5ik__c0.mp4,1
youtube_vujIazyS5ik__c1.mp4,1
youtube_w8G_llW7bOs__c1.mp4,1
youtube_wFjWw3PIk34__c2.mp4,1
youtube_x7G8ECJ_0l4__c0.mp4,1
youtube_x8eqge3iAXs__c1.mp4,1
youtube_x8eqge3iAXs__c2.mp4,1
youtube_x9sIT_Op1pc__c2.mp4,1
youtube_xHnaO7278yE__c1.mp4,1
youtube_xPSw_vhTvMY__c0.mp4,1
youtube_xPfa7HX_w0Q__c0.mp4,1
youtube_xPfa7HX_w0Q__c1.mp4,1
youtube_xRIdkVaaY_g__c0.mp4,1
youtube_xgxqC81KqJU__c0.mp4,1
youtube_xgxqC81KqJU__c1.mp4,1
youtube_xjXoZ1UQZIA__c2.mp4,1
youtube_xlTogJIoclA__c0.mp4,1
youtube_xqmnyc-TT_E__c0.mp4,1
youtube_xqmnyc-TT_E__c1.mp4,1
youtube_xqmnyc-TT_E__c2.mp4,1
youtube_xxTm7meb3U0__c2.mp4,1
youtube_y-RjcDXhYcA__c0.mp4,1
youtube_y-RjcDXhYcA__c1.mp4,1
youtube_yDzC899XvYc__c0.mp4,1
youtube_yVEhrIMc-ps__c1.mp4,1
youtube_yda51e7_pX4__c2.mp4,1
youtube_ym9HhUlFiog__c2.mp4,1
youtube_yq-EvaBFqoU__c0.mp4,1
youtube_yq-EvaBFqoU__c2.mp4,1
youtube_yz8go3S7CaI__c0.mp4,1
youtube_z6wUnfyNUVc__c2.mp4,1
youtube_zllB4ypK3HE__c0.mp4,1
youtube_zllB4ypK3HE__c1.mp4,1
youtube_zllB4ypK3HE__c2.mp4,1
youtube_zo5wQV7t_XE__c0.mp4,1
youtube_zo5wQV7t_XE__c1.mp4,1
youtube_zo5wQV7t_XE__c2.mp4,1
youtube_zsaeNQxxHnc__c0.mp4,1
youtube_zsaeNQxxHnc__c2.mp4,1
youtube_-3hZ4hqtAR4__c0.mp4,0
youtube_-Cwmh-2fQvg__c2.mp4,0
youtube_-J6APHsoHGE__c1.mp4,0
youtube_-JrvO_jUwVU__c0.mp4,0
youtube_-JrvO_jUwVU__c1.mp4,0
youtube_-JrvO_jUwVU__c2.mp4,0
youtube_-asNGo75Wv8__c0.mp4,0
youtube_-asNGo75Wv8__c1.mp4,0
youtube_-asNGo75Wv8__c2.mp4,0
youtube_-dh1ez98OhM__c2.mp4,0
youtube_-lNU7T_jppU__c0.mp4,0
youtube_-q6fjh5ZZ_s__c1.mp4,0
youtube_-q6fjh5ZZ_s__c2.mp4,0
youtube_0R2gP-rT2U8__c2.mp4,0
youtube_0VaAaExN7aU__c0.mp4,0
youtube_0VaAaExN7aU__c1.mp4,0
youtube_0VaAaExN7aU__c2.mp4,0
youtube_0WS0PBqTBrw__c1.mp4,0
youtube_0agjc6at75o__c0.mp4,0
youtube_0cfA4S4Yv8E__c0.mp4,0
youtube_0jcepX5tpgA__c2.mp4,0
youtube_0lS7yWCavKw__c1.mp4,0
youtube_0lS7yWCavKw__c2.mp4,0
youtube_0yeugFgJGoo__c1.mp4,0
youtube_11RZPF-4FXE__c1.mp4,0
youtube_11RZPF-4FXE__c2.mp4,0
youtube_1GgdEN0V7ms__c2.mp4,0
youtube_1M8DPSuYrCo__c1.mp4,0
youtube_1riEu7FF2Gc__c0.mp4,0
youtube_20lRFtsB_yM__c0.mp4,0
youtube_26jrpjwugnI__c0.mp4,0
youtube_26jrpjwugnI__c1.mp4,0
youtube_27nQa0o2iOQ__c1.mp4,0
youtube_2QqCT_hXDJ8__c0.mp4,0
youtube_2UJq23wxRrQ__c2.mp4,0
youtube_2aC66VyqucQ__c0.mp4,0
youtube_2dfJ98yjb4U__c1.mp4,0
youtube_2dfJ98yjb4U__c2.mp4,0
youtube_2fEyffMkUxA__c1.mp4,0
youtube_2fZiROJCe9o__c1.mp4,0
youtube_2fZiROJCe9o__c2.mp4,0
youtube_2iEJrv9q6-U__c1.mp4,0
youtube_2iEJrv9q6-U__c2.mp4,0
youtube_2lpoBVGAWRc__c0.mp4,0
youtube_2lpoBVGAWRc__c2.mp4,0
youtube_2mCT6Vi2RCA__c2.mp4,0
youtube_2scZ22lVeIM__c2.mp4,0
youtube_34cjmtQz9Sc__c2.mp4,0
youtube_3CRO354R6x4__c0.mp4,0
youtube_3N4M8X6LNNU__c1.mp4,0
youtube_3Ykm0MMtjRY__c1.mp4,0
youtube_3k0aD9HMRXQ__c0.mp4,0
youtube_3k0aD9HMRXQ__c1.mp4,0
youtube_3tXC2IxJt0w__c0.mp4,0
youtube_3wybcrgF-us__c1.mp4,0
youtube_3wybcrgF-us__c2.mp4,0
youtube_3yPBW1PE0UU__c1.mp4,0
youtube_3yPBW1PE0UU__c2.mp4,0
youtube_4ApHqtWls-g__c0.mp4,0
youtube_4ApHqtWls-g__c1.mp4,0
youtube_4LEPyDp6Dtk__c2.mp4,0
youtube_4WSW-zw3QX4__c1.mp4,0
youtube_4XfaGkNEE9g__c1.mp4,0
youtube_4kYxBtJXQn4__c0.mp4,0
youtube_4kq0HsRUrfE__c0.mp4,0
youtube_4o7cGvaPlbM__c1.mp4,0
youtube_4o7cGvaPlbM__c2.mp4,0
youtube_4sSl3ppS-4s__c0.mp4,0
youtube_4sSl3ppS-4s__c1.mp4,0
youtube_4z0294hE9Uk__c1.mp4,0
youtube_53_KjOfIVq4__c1.mp4,0
youtube_59z7hTkhV64__c0.mp4,0
youtube_5BvE_WSDt74__c1.mp4,0
youtube_5BvE_WSDt74__c2.mp4,0
youtube_5HsaGdL-5IA__c2.mp4,0
youtube_5PmclgVQ0LI__c1.mp4,0
youtube_5PzGMAhYY9M__c1.mp4,0
youtube_5SNfkpcMQ1c__c1.mp4,0
youtube_5SNfkpcMQ1c__c2.mp4,0
youtube_5afE7usajEA__c2.mp4,0
youtube_5cBsFLG7UmE__c1.mp4,0
youtube_5fKZn5b_xCI__c0.mp4,0
youtube_5qYUSUXHYKc__c1.mp4,0
youtube_5qYUSUXHYKc__c2.mp4,0
youtube_5rY4VomHoNk__c2.mp4,0
youtube_5vEBTSbk-DQ__c0.mp4,0
youtube_5vEBTSbk-DQ__c1.mp4,0
youtube_5vEBTSbk-DQ__c2.mp4,0
youtube_6At6wdjq0CE__c1.mp4,0
youtube_6Au1XOztxX4__c1.mp4,0
youtube_6Au1XOztxX4__c2.mp4,0
youtube_6CljvurQ4-o__c1.mp4,0
youtube_6CljvurQ4-o__c2.mp4,0
youtube_6Ne5RbQE0ug__c2.mp4,0
youtube_6Q1yudu3j6Q__c1.mp4,0
youtube_6Q1yudu3j6Q__c2.mp4,0
youtube_71rDL2Q3jvw__c1.mp4,0
youtube_7GF78YQz62w__c2.mp4,0
youtube_7Gq4dDCxJbE__c0.mp4,0
youtube_7Gq4dDCxJbE__c1.mp4,0
youtube_7I5efoJVEMo__c1.mp4,0
youtube_7N7N_wUHjEQ__c1.mp4,0
youtube_7R2bDCdPiCQ__c0.mp4,0
youtube_7R2bDCdPiCQ__c1.mp4,0
youtube_7R2bDCdPiCQ__c2.mp4,0
youtube_7TSoLIUcOUo__c2.mp4,0
youtube_7Wp38cmMoXU__c0.mp4,0
youtube_7XHFF-ZGnSs__c1.mp4,0
youtube_7aO_sm9Du1g__c1.mp4,0
youtube_7aO_sm9Du1g__c2.mp4,0
youtube_7b3FKRPVg9o__c1.mp4,0
youtube_7b3FKRPVg9o__c2.mp4,0
youtube_7co7G7MX51k__c2.mp4,0
youtube_7e_O-gcm2VM__c1.mp4,0
youtube_7jnhXvcn5cQ__c0.mp4,0
youtube_7jnhXvcn5cQ__c2.mp4,0
youtube_7jvRf3-gs5U__c1.mp4,0
youtube_87zifNe2tjc__c0.mp4,0
youtube_8E-havdtCRM__c0.mp4,0
youtube_8E-havdtCRM__c1.mp4,0
youtube_8ExiZTckWC0__c1.mp4,0
youtube_8O6me9FbnGU__c1.mp4,0
youtube_8O6me9FbnGU__c2.mp4,0
youtube_8VqtKBxi79M__c1.mp4,0
youtube_8XGWocggDjI__c1.mp4,0
youtube_8XGWocggDjI__c2.mp4,0
youtube_8acqwGIf1IM__c1.mp4,0
youtube_8iQa0pphMaI__c0.mp4,0
youtube_8iQa0pphMaI__c1.mp4,0
youtube_8qr785mDjXc__c1.mp4,0
youtube_8qr785mDjXc__c2.mp4,0
youtube_992mmcS22-0__c2.mp4,0
youtube_9Cxa0c8P9Qc__c1.mp4,0
youtube_9LYeyLvLubs__c1.mp4,0
youtube_9LYeyLvLubs__c2.mp4,0
youtube_9SaekDRtGFw__c1.mp4,0
youtube_9SaekDRtGFw__c2.mp4,0
youtube_9gKVZ1enQ98__c1.mp4,0
youtube_9ynGITn6RgE__c1.mp4,0
youtube_9ynGITn6RgE__c2.mp4,0
youtube_AGzWA_zKKsc__c0.mp4,0
youtube_AGzWA_zKKsc__c1.mp4,0
youtube_AGzWA_zKKsc__c1__t1.mp4,0
youtube_AGzWA_zKKsc__c2.mp4,0
youtube_AYper3fzw-s__c1.mp4,0
youtube_Aca30mxr2QU__c0.mp4,0
youtube_Aca30mxr2QU__c2.mp4,0
youtube_Ae8S9cas_t0__c1.mp4,0
youtube_AzQjesE99Wc__c0.mp4,0
youtube_AzQjesE99Wc__c1.mp4,0
youtube_B3xUdn0aHOg__c0.mp4,0
youtube_B3xUdn0aHOg__c1.mp4,0
youtube_B5wtu5KKG4o__c1.mp4,0
youtube_BZwdYmPS5f8__c1.mp4,0
youtube_BZwdYmPS5f8__c2.mp4,0
youtube_BwKVoH6u2Vw__c1.mp4,0
youtube_CAtpYbzgLhA__c1.mp4,0
youtube_CAtpYbzgLhA__c2.mp4,0
youtube_CdgcDJ1rDjM__c0.mp4,0
youtube_CoWY1uOZqOY__c0.mp4,0
youtube_CoWY1uOZqOY__c1.mp4,0
youtube_CoWY1uOZqOY__c2.mp4,0
youtube_Cw3lwWCX-zM__c0.mp4,0
youtube_Cw3lwWCX-zM__c1.mp4,0
youtube_CwQrefVK6kQ__c2.mp4,0
youtube_D5_Zt1OO_sA__c1.mp4,0
youtube_DQ7YiXEQKzQ__c0.mp4,0
youtube_DXOixR53iJ0__c1.mp4,0
youtube_DXOixR53iJ0__c2.mp4,0
youtube_DcrWVdEABq8__c0.mp4,0
youtube_DhXsGXV7rGg__c0.mp4,0
youtube_DhXsGXV7rGg__c1.mp4,0
youtube_DhXsGXV7rGg__c2.mp4,0
youtube_Dletk3FZUvI__c1.mp4,0
youtube_Dletk3FZUvI__c2.mp4,0
youtube_DnDnx9vi6-I__c1.mp4,0
youtube_DolhAohOiOo__c0.mp4,0
youtube_E4LcMOhm5w4__c1.mp4,0
youtube_EXv4AGQUBDo__c0.mp4,0
youtube_Eg19L8LBgyk__c2.mp4,0
youtube_EiApFC87Bzs__c1.mp4,0
youtube_EiApFC87Bzs__c2.mp4,0
youtube_EoDxVQtS-CA__c0.mp4,0
youtube_EqLQZT5aPQ8__c0.mp4,0
youtube_FAiQOlf7aTY__c1.mp4,0
youtube_FDF05AxhrO0__c1.mp4,0
youtube_FDF05AxhrO0__c2.mp4,0
youtube_FUwr_EtcPIU__c1.mp4,0
youtube_FgCxLh3Y7pI__c1.mp4,0
youtube_FgCxLh3Y7pI__c2.mp4,0
youtube_FyZYUR2v0RM__c0.mp4,0
youtube_G-Gu-ESBkDM__c0.mp4,0
youtube_G1LfIWE-ku8__c2.mp4,0
youtube_G4IdW8daReE__c2.mp4,0
youtube_G5uisvngtzI__c0.mp4,0
youtube_G9b6QE6C_48__c1.mp4,0
youtube_G_vxgoj1YNU__c1.mp4,0
youtube_GaQwyth9Tvs__c0.mp4,0
youtube_GaQwyth9Tvs__c1.mp4,0
youtube_GbYBYDjql_g__c1.mp4,0
youtube_H5FEcNFLLnM__c0.mp4,0
youtube_H5FEcNFLLnM__c1.mp4,0
youtube_H7Sfo3lMB8c__c0.mp4,0
youtube_H8eBCOWQoio__c2.mp4,0
youtube_HAN02XMX-jE__c2.mp4,0
youtube_HONnXCbReVc__c0.mp4,0
youtube_HWK3KGCwHnw__c2.mp4,0
youtube_HXYxncPNzT8__c2.mp4,0
youtube_Hd-b8Fqgq_o__c1.mp4,0
youtube_Hd-b8Fqgq_o__c2.mp4,0
youtube_Hdi8zAUZJ4Q__c1.mp4,0
youtube_Hdi8zAUZJ4Q__c2.mp4,0
youtube_HfFb8vnwSCg__c1.mp4,0
youtube_HfFb8vnwSCg__c2.mp4,0
youtube_HxcSWZgM5dk__c0.mp4,0
youtube_HxcSWZgM5dk__c2.mp4,0
youtube_I6fcG3NZS6U__c1.mp4,0
youtube_I6fcG3NZS6U__c2.mp4,0
youtube_IPcBEFSzWrI__c2.mp4,0
youtube_IRow6OZUGIE__c0.mp4,0
youtube_IRow6OZUGIE__c1.mp4,0
youtube_IRow6OZUGIE__c2.mp4,0
youtube_IiQGGrcvvgE__c0.mp4,0
youtube_Ina-HAQpJHs__c0.mp4,0
youtube_Ina-HAQpJHs__c2.mp4,0
youtube_IvJvmufB1oA__c1.mp4,0
youtube_J-MDcbVC_Dc__c1.mp4,0
youtube_JOZiPUdOU4M__c1.mp4,0
youtube_JS4bUxxOr0M__c2.mp4,0
youtube_JWGmK68T1Nw__c0.mp4,0
youtube_JWGmK68T1Nw__c1.mp4,0
youtube_Jb_FEXwUmq8__c2.mp4,0
youtube_Jfq94mAiApU__c0.mp4,0
youtube_Jfq94mAiApU__c1.mp4,0
youtube_Jfq94mAiApU__c2.mp4,0
youtube_Jjo9fqMoIVA__c0.mp4,0
youtube_JvGQ_bazd1U__c1.mp4,0
youtube_JvGQ_bazd1U__c2.mp4,0
youtube_JwkEL0QAFFc__c1.mp4,0
youtube_JxDqEV6bSn8__c1.mp4,0
youtube_K-6HqJPLybc__c2.mp4,0
youtube_K9DBseqBLok__c0.mp4,0
youtube_K9DBseqBLok__c2.mp4,0
youtube_KITjdlNXpRo__c0.mp4,0
youtube_KnLIBmM2OHU__c1.mp4,0
youtube_KnLIBmM2OHU__c2.mp4,0
youtube_KpkzCtYWJc0__c0.mp4,0
youtube_KvDfdJ4XwII__c2.mp4,0
youtube_KyGh5NiuROM__c1.mp4,0
youtube_KyGh5NiuROM__c2.mp4,0
youtube_Kz1dXcs8zMY__c1.mp4,0
youtube_L5KmQlFA8m8__c0.mp4,0
youtube_L5KmQlFA8m8__c1.mp4,0
youtube_LFd-xVEzebw__c0.mp4,0
youtube_LH6kq3HhjgQ__c1.mp4,0
youtube_LH6kq3HhjgQ__c2.mp4,0
youtube_LJcciZV7nDw__c0.mp4,0
youtube_LUov_YqLzHA__c0.mp4,0
youtube_LbAHIxfPFpc__c0.mp4,0
youtube_LbAHIxfPFpc__c1.mp4,0
youtube_LbAHIxfPFpc__c2.mp4,0
youtube_LjKMCFxk5dU__c1.mp4,0
youtube_LkFVZbcoKAo__c0.mp4,0
youtube_M-8kLw3iNHw__c0.mp4,0
youtube_M-8kLw3iNHw__c1.mp4,0
youtube_M-8kLw3iNHw__c2.mp4,0
youtube_MCBbMmBK764__c1.mp4,0
youtube_MRfvI92tSaU__c0.mp4,0
youtube_MSbgdeGCvgA__c2.mp4,0
youtube_MTUe04s8188__c2.mp4,0
youtube_MTzhQ-E5wcQ__c1.mp4,0
youtube_MTzhQ-E5wcQ__c2.mp4,0
youtube_MYKbGbqMIBU__c1.mp4,0
youtube_MYKbGbqMIBU__c2.mp4,0
youtube_MaHkWlaqxsY__c1.mp4,0
youtube_MaHkWlaqxsY__c2.mp4,0
youtube_MhlW0QFbyJ4__c0.mp4,0
youtube_MvEE_jEdTH8__c1.mp4,0
youtube_MwmFwFndlCE__c0.mp4,0
youtube_MwzeXPp4JZM__c1.mp4,0
youtube_MwzeXPp4JZM__c2.mp4,0
youtube_My50CMwiIio__c2.mp4,0
youtube_N35bAUXSKdE__c2.mp4,0
youtube_N4Pp37pMKmI__c2.mp4,0
youtube_N5Fzkvoi9w0__c0.mp4,0
youtube_NHM_JH8RcfI__c2.mp4,0
youtube_NToers4OVyQ__c2.mp4,0
youtube_NW7cfJwoFMk__c2.mp4,0
youtube_NdT6y6fheGM__c1.mp4,0
youtube_NefPWNjgaq4__c1.mp4,0
youtube_NfHQXMvCEUU__c2.mp4,0
youtube_Ni-Ed1m0c4o__c1.mp4,0
youtube_Nja3hjJ6k-A__c1.mp4,0
youtube_NtScGbb4SW4__c0.mp4,0
youtube_NtScGbb4SW4__c1.mp4,0
youtube_NtScGbb4SW4__c2.mp4,0
youtube_O-IhDS-eBHw__c0.mp4,0
youtube_O2B1JO-gZQ8__c1.mp4,0
youtube_O2B1JO-gZQ8__c2.mp4,0
youtube_O94AWbLkuSM__c1.mp4,0
youtube_OBR-hx-t534__c1.mp4,0
youtube_OEG8XpoA03k__c1.mp4,0
youtube_OEG8XpoA03k__c2.mp4,0
youtube_OJDkPz3nPjM__c0.mp4,0
youtube_OK-MLy1mh4A__c0.mp4,0
youtube_OK-MLy1mh4A__c1.mp4,0
youtube_OK-MLy1mh4A__c2.mp4,0
youtube_OoHChIMN7Xc__c1.mp4,0
youtube_OoHChIMN7Xc__c2.mp4,0
youtube_OqWURHko3QA__c1.mp4,0
youtube_OqWURHko3QA__c2.mp4,0
youtube_OwcJWVxgx0A__c0.mp4,0
youtube_OwcJWVxgx0A__c1.mp4,0
youtube_OwcJWVxgx0A__c2.mp4,0
youtube_P2bMZrROkPo__c1.mp4,0
youtube_P2bMZrROkPo__c2.mp4,0
youtube_P7FRO_6L-iA__c0.mp4,0
youtube_P8-fSfa8UYI__c1.mp4,0
youtube_P9Ak1cgsfHI__c1.mp4,0
youtube_PDBJhGYtLrg__c1.mp4,0
youtube_PINXAzF_dWk__c1.mp4,0
youtube_PIrdqY1jUfg__c0.mp4,0
youtube_PSD5FD47cXE__c2.mp4,0
youtube_PYPLwSNca_M__c1.mp4,0
youtube_PYPLwSNca_M__c2.mp4,0
youtube_PbajmCRHDuw__c1.mp4,0
youtube_Pgu3UrnUqTE__c0.mp4,0
youtube_PhfG7LEPg8o__c1.mp4,0
youtube_PoxMszj19Tw__c0.mp4,0
youtube_PoxMszj19Tw__c1.mp4,0
youtube_PoxMszj19Tw__c2.mp4,0
youtube_PpbhaVjV2QI__c0.mp4,0
youtube_PpbhaVjV2QI__c2.mp4,0
youtube_PtYI9lppyXc__c2.mp4,0
youtube_QB7hG5pr5xA__c1.mp4,0
youtube_QB7hG5pr5xA__c2.mp4,0
youtube_QBnSFC0xO1A__c0.mp4,0
youtube_QBnSFC0xO1A__c2.mp4,0
youtube_QCQutoQj0bc__c2.mp4,0
youtube_QElrR5_GFxE__c1.mp4,0
youtube_QFTJGeGOiAc__c1.mp4,0
youtube_QQLnl3JkKas__c2.mp4,0
youtube_QWpUGv2Es6o__c2.mp4,0
youtube_QYBTMmmcWUw__c1.mp4,0
youtube_QauPH3N-Ld8__c1.mp4,0
youtube_Qfw80WQNGD0__c0.mp4,0
youtube_Qn_nj4vWAYk__c1.mp4,0
youtube_Qn_nj4vWAYk__c2.mp4,0
youtube_Qs4G9ynralk__c1.mp4,0
youtube_Qs4G9ynralk__c2.mp4,0
youtube_QsYtZaTk2Os__c2.mp4,0
youtube_Qv1McWpv5_k__c0.mp4,0
youtube_Qv1McWpv5_k__c2.mp4,0
youtube_R-qlPwP9hDE__c1.mp4,0
youtube_R06oQyvAXAM__c1.mp4,0
youtube_R1dO8YQeb64__c1.mp4,0
youtube_RQsIwQbXRsA__c1.mp4,0
youtube_RRDJO_UV4I8__c0.mp4,0
youtube_RRDJO_UV4I8__c1.mp4,0
youtube_RUtcsAi0PCA__c1.mp4,0
youtube_RjO761F-cZ4__c1.mp4,0
youtube_Rjskpd-JCbM__c1.mp4,0
youtube_Rjskpd-JCbM__c2.mp4,0
youtube_RkefJoU7qkM__c1.mp4,0
youtube_RkhSkE89KJ0__c1.mp4,0
youtube_RkhSkE89KJ0__c2.mp4,0
youtube_RobMw7mxXT8__c1.mp4,0
youtube_Rosn4Rp4DjU__c2.mp4,0
youtube_RwNW6SrknHI__c2.mp4,0
youtube_S03drFKvXzM__c0.mp4,0
youtube_S03drFKvXzM__c1.mp4,0
youtube_S03drFKvXzM__c2.mp4,0
youtube_S3ZIFmqlOzo__c1.mp4,0
youtube_Sa5b9eoNc9k__c2.mp4,0
youtube_SdTuy3DtiCY__c0.mp4,0
youtube_SdTuy3DtiCY__c1.mp4,0
youtube_SnrQMd3hKmY__c1.mp4,0
youtube_SnrQMd3hKmY__c2.mp4,0
youtube_SutQk8YB_tM__c1.mp4,0
youtube_SutQk8YB_tM__c2.mp4,0
youtube_Sya37ivCRNs__c1.mp4,0
youtube_Sya37ivCRNs__c2.mp4,0
youtube_Szw0wgXfPec__c0.mp4,0
youtube_ThujVNQkcAI__c0.mp4,0
youtube_ThujVNQkcAI__c2.mp4,0
youtube_U3QPU8bzLs8__c0.mp4,0
youtube_U3QPU8bzLs8__c1.mp4,0
youtube_U90s0Zz9hXM__c1.mp4,0
youtube_UA_Hl3doHzA__c1.mp4,0
youtube_UA_Hl3doHzA__c2.mp4,0
youtube_UJwSlvnoR5M__c0.mp4,0
youtube_UJwSlvnoR5M__c1.mp4,0
youtube_UNqX7bBb_Vc__c0.mp4,0
youtube_UNqX7bBb_Vc__c1.mp4,0
youtube_UNqX7bBb_Vc__c2.mp4,0
youtube_UO7t70O7PNw__c0.mp4,0
youtube_UO7t70O7PNw__c1.mp4,0
youtube_UO7t70O7PNw__c2.mp4,0
youtube_URXwEhlpNcM__c2.mp4,0
youtube_UWSXkIGl_bE__c0.mp4,0
youtube_UWSXkIGl_bE__c2.mp4,0
youtube_UaI9VV-3G6I__c2.mp4,0
youtube_Uhty3X3_uM8__c1.mp4,0
youtube_Uhty3X3_uM8__c2.mp4,0
youtube_UzcecPqqQPY__c1.mp4,0
youtube_VDuu5ZKyQJc__c1.mp4,0
youtube_VHjH6A9InR4__c1.mp4,0
youtube_VNkaGh7wQt0__c0.mp4,0
youtube_VNkaGh7wQt0__c1.mp4,0
youtube_VNkaGh7wQt0__c2.mp4,0
youtube_Ve7d3E0x3sA__c0.mp4,0
youtube_VraHUpKf2FQ__c1.mp4,0
youtube_VtTOjGOxcSE__c2.mp4,0
youtube_VvIPQBBKyzM__c1.mp4,0
youtube_VvIPQBBKyzM__c2.mp4,0
youtube_VyIMzVsE1CI__c0.mp4,0
youtube_W4brOChR6oQ__c1.mp4,0
youtube_W7l7Meud2Lk__c2.mp4,0
youtube_WMqyC0mSdIM__c0.mp4,0
youtube_WMqyC0mSdIM__c1.mp4,0
youtube_WOxmoeax7Mg__c1.mp4,0
youtube_WPblRbvyeCI__c0.mp4,0
youtube_WXyndPADbxc__c2.mp4,0
youtube_WY8jJlVPEbM__c0.mp4,0
youtube_WY8jJlVPEbM__c1.mp4,0
youtube_WY8jJlVPEbM__c2.mp4,0
youtube_WcFFX7m4uvo__c2.mp4,0
youtube_WdcfPC57rpc__c1.mp4,0
youtube_WfiyWpKTp28__c1.mp4,0
youtube_WfiyWpKTp28__c2.mp4,0
youtube_WiI8cdiuJ2U__c2.mp4,0
youtube_Wq6cv7V0cTo__c1.mp4,0
youtube_X-7Pqx-zGww__c1.mp4,0
youtube_X0YRyFF2u_g__c1.mp4,0
youtube_X5Q3ZfmUPZQ__c1.mp4,0
youtube_X5Q3ZfmUPZQ__c2.mp4,0
youtube_X7gcTjX0yNo__c1.mp4,0
youtube_X7gcTjX0yNo__c2.mp4,0
youtube_X84g21RcQuI__c1.mp4,0
youtube_X84g21RcQuI__c2.mp4,0
youtube_XPhojsWL1Zc__c0.mp4,0
youtube_XPhojsWL1Zc__c1.mp4,0
youtube_XSt48zFSBA0__c1.mp4,0
youtube_XSt48zFSBA0__c2.mp4,0
youtube_XTDuB9nXAEY__c1.mp4,0
youtube_XTDuB9nXAEY__c2.mp4,0
youtube_X_8wIvcEAm8__c0.mp4,0
youtube_X_8wIvcEAm8__c1.mp4,0
youtube_X_8wIvcEAm8__c2.mp4,0
youtube_XaWCqLnjFZ8__c1.mp4,0
youtube_XaWCqLnjFZ8__c2.mp4,0
youtube_XaYXcoHDr3I__c1.mp4,0
youtube_XglbtLZOKg4__c1.mp4,0
youtube_XmTBw0z899U__c0.mp4,0
youtube_XmTBw0z899U__c2.mp4,0
youtube_YEFxGzLZW9M__c1.mp4,0
youtube_YEFxGzLZW9M__c2.mp4,0
youtube_YPH9PONqDbo__c0.mp4,0
youtube_YPH9PONqDbo__c2.mp4,0
youtube_YdSygtEKl7k__c1.mp4,0
youtube_YiAqJs1KSCg__c1.mp4,0
youtube_YiAqJs1KSCg__c2.mp4,0
youtube_YqxB80z7Cwg__c0.mp4,0
youtube_YrkUMrUvxUE__c0.mp4,0
youtube_Z05jgHx58TE__c0.mp4,0
youtube_Z05jgHx58TE__c1.mp4,0
youtube_Z2Eb35FGfvM__c1.mp4,0
youtube_Z4y4RY9JoXk__c1.mp4,0
youtube_ZTuc0p5Z4ZY__c0.mp4,0
youtube_ZXfLmG-uW2o__c1.mp4,0
youtube_ZY70vd6nZDw__c2.mp4,0
youtube_Zjw3OUehzfw__c0.mp4,0
youtube_Zjw3OUehzfw__c1.mp4,0
youtube_Zjw3OUehzfw__c2.mp4,0
youtube__08LAWfrYRM__c1.mp4,0
youtube__08LAWfrYRM__c2.mp4,0
youtube__8KdwEWzebg__c0.mp4,0
youtube__8KdwEWzebg__c1.mp4,0
youtube__BYVgaeicvI__c1.mp4,0
youtube__Cna9dvul-Y__c1.mp4,0
youtube__MLhdcQTTvA__c1.mp4,0
youtube__MohGTvxaRk__c1.mp4,0
youtube__MohGTvxaRk__c2.mp4,0
youtube__MpxbsYfpQ8__c1.mp4,0
youtube__Qb1bpS9o_4__c0.mp4,0
youtube__eiT4CEBlX8__c2.mp4,0
youtube__inexYEYaak__c0.mp4,0
youtube__kHiT6zdUsw__c0.mp4,0
youtube__kHiT6zdUsw__c1.mp4,0
youtube__mtKda1ksys__c1.mp4,0
youtube__zBcaoRs79U__c1.mp4,0
youtube_a0ANLUYyRYI__c0.mp4,0
youtube_a7Ww3tlCQeE__c0.mp4,0
youtube_a7Ww3tlCQeE__c1.mp4,0
youtube_a7Ww3tlCQeE__c2.mp4,0
youtube_a7f88_fGzYw__c1.mp4,0
youtube_aACsJliTu_g__c1.mp4,0
youtube_aLPqVr5zdmA__c0.mp4,0
youtube_aLPqVr5zdmA__c2.mp4,0
youtube_aTFo3r7Iv-8__c1.mp4,0
youtube_aXkdee0SC4M__c1.mp4,0
youtube_aXkdee0SC4M__c2.mp4,0
youtube_akysSQ_Ri7s__c2.mp4,0
youtube_amV0j7R0yJc__c1.mp4,0
youtube_amV0j7R0yJc__c2.mp4,0
youtube_anSZK_s6dLU__c1.mp4,0
youtube_aphEbGtlZ4U__c1.mp4,0
youtube_arnzZ2irNxE__c1.mp4,0
youtube_arnzZ2irNxE__c2.mp4,0
youtube_b8u2CQLQBVU__c1.mp4,0
youtube_b8u2CQLQBVU__c2.mp4,0
youtube_bAV3mRZyrdw__c1.mp4,0
youtube_bAV3mRZyrdw__c2.mp4,0
youtube_bI8HHKDrHAY__c2.mp4,0
youtube_bIjz7UkauBA__c1.mp4,0
youtube_bV8-5sce5nw__c1.mp4,0
youtube_bV8-5sce5nw__c2.mp4,0
youtube_bhWYcW5Sa_4__c2.mp4,0
youtube_bkI3FMoWhnU__c1.mp4,0
youtube_brDMit43_CQ__c1.mp4,0
youtube_buj8xac3unU__c1.mp4,0
youtube_buj8xac3unU__c2.mp4,0
youtube_byvPfzSoNsc__c1.mp4,0
youtube_cDKC9-eldjM__c1.mp4,0
youtube_cDKC9-eldjM__c2.mp4,0
youtube_cMx3MUcbqBA__c1.mp4,0
youtube_cMx3MUcbqBA__c2.mp4,0
youtube_cOor2ShSiK4__c0.mp4,0
youtube_cOor2ShSiK4__c2.mp4,0
youtube_cTiBF0wa3SE__c1.mp4,0
youtube_cb_K_HphEJk__c1.mp4,0
youtube_cb_K_HphEJk__c2.mp4,0
youtube_cedarz9bEoA__c1.mp4,0
youtube_cedarz9bEoA__c2.mp4,0
youtube_clqZ6Y-ZDdg__c0.mp4,0
youtube_clqZ6Y-ZDdg__c1.mp4,0
youtube_cn1qhmAOwe8__c2.mp4,0
youtube_crMyNv2fdkc__c1.mp4,0
youtube_cxOWEWnUxpk__c1.mp4,0
youtube_d1KCyxaTE6w__c1.mp4,0
youtube_d1KCyxaTE6w__c2.mp4,0
youtube_dK2pfZVen4E__c1.mp4,0
youtube_dKLgVs3JXN4__c1.mp4,0
youtube_dObi6EKJT6w__c1.mp4,0
youtube_dRKYQ7RzTtQ__c0.mp4,0
youtube_dRKYQ7RzTtQ__c1.mp4,0
youtube_dRKYQ7RzTtQ__c2.mp4,0
youtube_dSHvFi66cFQ__c0.mp4,0
youtube_db1zC7Rv1B8__c1.mp4,0
youtube_dcaW_qQiDhg__c0.mp4,0
youtube_drztfgKsfLQ__c2.mp4,0
youtube_dtoaeLhn5GI__c0.mp4,0
youtube_dxa4LihmV6o__c0.mp4,0
youtube_dzy6njXt0_M__c1.mp4,0
youtube_dzy6njXt0_M__c2.mp4,0
youtube_e2Y5BSXV_R8__c1.mp4,0
youtube_e2Y5BSXV_R8__c2.mp4,0
youtube_e4dL1VMBbCc__c2.mp4,0
youtube_eERJx83Qnmk__c0.mp4,0
youtube_eERJx83Qnmk__c1.mp4,0
youtube_eERJx83Qnmk__c2.mp4,0
youtube_emWaL0z-7aQ__c2.mp4,0
youtube_exBXHYl4po8__c1.mp4,0
youtube_f1fEWwhGJFg__c0.mp4,0
youtube_f2rhpKKlnyI__c1.mp4,0
youtube_f511FvM--uk__c1.mp4,0
youtube_f7Y0HMk86rw__c1.mp4,0
youtube_f7Y0HMk86rw__c2.mp4,0
youtube_fMU9gWjSbtc__c0.mp4,0
youtube_fMU9gWjSbtc__c1.mp4,0
youtube_fbbZx0cf0rg__c2.mp4,0
youtube_fdn-0Leczx8__c1.mp4,0
youtube_feEXMWBQGZk__c1.mp4,0
youtube_feEXMWBQGZk__c2.mp4,0
youtube_fmgPfDOHXqc__c2.mp4,0
youtube_fvEzDU3YUbM__c1.mp4,0
youtube_gF4vKaOqVj4__c1.mp4,0
youtube_gHT4d3Ep_M0__c1.mp4,0
youtube_gHW8ncZJhQY__c1.mp4,0
youtube_gOUIM2UNeR0__c0.mp4,0
youtube_gOUIM2UNeR0__c1.mp4,0
youtube_gTLkSD1Jw5E__c0.mp4,0
youtube_gTLkSD1Jw5E__c2.mp4,0
youtube_gXWlzqZbLuk__c0.mp4,0
youtube_gXWlzqZbLuk__c1.mp4,0
youtube_gXWlzqZbLuk__c2.mp4,0
youtube_gaWibSfe0vA__c1.mp4,0
youtube_gaWibSfe0vA__c2.mp4,0
youtube_gnKM8ZozYBg__c2.mp4,0
youtube_gnVk6ztz6Bs__c1.mp4,0
youtube_gooWdc6kb80__c0.mp4,0
youtube_h2CLLBUpPZg__c0.mp4,0
youtube_hL2GwqBRJJA__c1.mp4,0
youtube_hL2GwqBRJJA__c2.mp4,0
youtube_hSy_SqQMYv0__c1.mp4,0
youtube_h_LNDKRZ_EI__c1.mp4,0
youtube_h_TvzVO7LVk__c2.mp4,0
youtube_hiuF8pWtz68__c0.mp4,0
youtube_hiuF8pWtz68__c1.mp4,0
youtube_hlO4AKUOAok__c2.mp4,0
youtube_hrKns9vK3og__c1.mp4,0
youtube_hvrLd5KKm0s__c0.mp4,0
youtube_hvrLd5KKm0s__c1.mp4,0
youtube_hvrLd5KKm0s__c2.mp4,0
youtube_iFrcKLKZ-OI__c1.mp4,0
youtube_i_NVTxoZlvw__c1.mp4,0
youtube_i_NVTxoZlvw__c2.mp4,0
youtube_iejOu_rretI__c0.mp4,0
youtube_iiSi03XlH8U__c1.mp4,0
youtube_iiSi03XlH8U__c2.mp4,0
youtube_iygG695S3_Q__c0.mp4,0
youtube_iygG695S3_Q__c1.mp4,0
youtube_iygG695S3_Q__c2.mp4,0
youtube_j1c43B6ar3k__c1.mp4,0
youtube_j1c43B6ar3k__c2.mp4,0
youtube_j4x7ceMhcr0__c1.mp4,0
youtube_j9Lkm1UrHzw__c0.mp4,0
youtube_j9Lkm1UrHzw__c1.mp4,0
youtube_jAODGRN6pic__c1.mp4,0
youtube_jC1G1N0tqQc__c1.mp4,0
youtube_jC1G1N0tqQc__c2.mp4,0
youtube_jVEvICC2uO0__c0.mp4,0
youtube_jayAN6IqPVc__c1.mp4,0
youtube_jdboljUNQdM__c2.mp4,0
youtube_jeffHBoG-Gg__c0.mp4,0
youtube_jeffHBoG-Gg__c1.mp4,0
youtube_k42LPFnWsww__c0.mp4,0
youtube_k42LPFnWsww__c1.mp4,0
youtube_kAweUwARDsc__c0.mp4,0
youtube_kEoJ-teErzM__c1.mp4,0
youtube_kEtov6pV_1Q__c1.mp4,0
youtube_kEtov6pV_1Q__c2.mp4,0
youtube_kFwseiMvJjY__c1.mp4,0
youtube_kJyQjiK9ajk__c2.mp4,0
youtube_kOQLqwcJofc__c1.mp4,0
youtube_kblMacUtSrQ__c1.mp4,0
youtube_kkCNBD9iBaA__c0.mp4,0
youtube_l8yWrF4bTOE__c0.mp4,0
youtube_l9BZ59dLP4c__c1.mp4,0
youtube_l9BZ59dLP4c__c2.mp4,0
youtube_lDUDUjoK3SA__c2.mp4,0
youtube_lFQxdKgrIh8__c1.mp4,0
youtube_lFQxdKgrIh8__c2.mp4,0
youtube_lI5ZjDalU_Q__c1.mp4,0
youtube_lI5ZjDalU_Q__c2.mp4,0
youtube_lJ9jzcncSLU__c0.mp4,0
youtube_lJ9jzcncSLU__c1.mp4,0
youtube_lQTrHkeuOKY__c0.mp4,0
youtube_lQTrHkeuOKY__c1.mp4,0
youtube_lQTrHkeuOKY__c2.mp4,0
youtube_lVrCOndzNSY__c0.mp4,0
youtube_lVrCOndzNSY__c2.mp4,0
youtube_llN2kkN4w_Y__c0.mp4,0
youtube_lmwBC2405nI__c1.mp4,0
youtube_lmwBC2405nI__c2.mp4,0
youtube_lpEeYwrkBPU__c1.mp4,0
youtube_lpEeYwrkBPU__c2.mp4,0
youtube_m5zx248Hmw8__c1.mp4,0
youtube_m_N6e-L4Cr0__c1.mp4,0
youtube_moRRht0WLSY__c1.mp4,0
youtube_mob4RkUFIAE__c0.mp4,0
youtube_mob4RkUFIAE__c1.mp4,0
youtube_mxPgcNbSacI__c1.mp4,0
youtube_mxPgcNbSacI__c2.mp4,0
youtube_n-B-BGA1Qf4__c1.mp4,0
youtube_n-B-BGA1Qf4__c2.mp4,0
youtube_nBeV5Ka5Ov4__c1.mp4,0
youtube_nQ9OrQg-7LM__c1.mp4,0
youtube_nQ9OrQg-7LM__c2.mp4,0
youtube_na22jIDRoJA__c0.mp4,0
youtube_nmd9shYApnk__c1.mp4,0
youtube_nmd9shYApnk__c2.mp4,0
youtube_npfQcvUcQYM__c0.mp4,0
youtube_npfQcvUcQYM__c1.mp4,0
youtube_npfQcvUcQYM__c2.mp4,0
youtube_o18vAZWxMQM__c1.mp4,0
youtube_o18vAZWxMQM__c2.mp4,0
youtube_o1r1RIqPDd8__c0.mp4,0
youtube_o1r1RIqPDd8__c1.mp4,0
youtube_o1r1RIqPDd8__c2.mp4,0
youtube_o9EXAJOxFIE__c1.mp4,0
youtube_o_L1VUQh3bM__c2.mp4,0
youtube_oakeLyieKdE__c0.mp4,0
youtube_oakeLyieKdE__c1.mp4,0
youtube_obfXtQR6dug__c1.mp4,0
youtube_opqr1gPD9aU__c0.mp4,0
youtube_opqr1gPD9aU__c1.mp4,0
youtube_or-fst-sbCI__c0.mp4,0
youtube_or-fst-sbCI__c1.mp4,0
youtube_or-fst-sbCI__c2.mp4,0
youtube_oy6kYJMDalk__c1.mp4,0
youtube_oz1iDMr5INo__c2.mp4,0
youtube_p-k5t1QC1a0__c0.mp4,0
youtube_p1CRXRxnpBQ__c2.mp4,0
youtube_pBjMQzgaOFI__c1.mp4,0
youtube_pBjMQzgaOFI__c2.mp4,0
youtube_pOakXOenRkE__c0.mp4,0
youtube_pOakXOenRkE__c1.mp4,0
youtube_pOakXOenRkE__c2.mp4,0
youtube_pWyzmNXsLJs__c2.mp4,0
youtube_phONY-sY1hA__c0.mp4,0
youtube_phONY-sY1hA__c1.mp4,0
youtube_phONY-sY1hA__c2.mp4,0
youtube_pj0y-W5aXsE__c1.mp4,0
youtube_pj0y-W5aXsE__c2.mp4,0
youtube_pm9x9sBWp8A__c1.mp4,0
youtube_py8daimqMGw__c0.mp4,0
youtube_q0Vgf5u4vjU__c1.mp4,0
youtube_q1x0K7I9Ts4__c0.mp4,0
youtube_qDtyVNe9WSs__c0.mp4,0
youtube_qM19JJ1Ofuo__c0.mp4,0
youtube_qaX0c64KvQw__c0.mp4,0
youtube_qaX0c64KvQw__c2.mp4,0
youtube_qmwXTEpsPL4__c1.mp4,0
youtube_qmwXTEpsPL4__c2.mp4,0
youtube_qoYNyDU0gso__c1.mp4,0
youtube_qsjX1_DW81s__c1.mp4,0
youtube_rM4KLL1Jxcc__c2.mp4,0
youtube_rVW5GqFsSfk__c2.mp4,0
youtube_rib2y_lFjRs__c0.mp4,0
youtube_rixcd95VVuM__c0.mp4,0
youtube_rixcd95VVuM__c1.mp4,0
youtube_rixcd95VVuM__c2.mp4,0
youtube_rnEpp_2Jm-g__c0.mp4,0
youtube_rnEpp_2Jm-g__c1.mp4,0
youtube_rsASAxtLFNY__c0.mp4,0
youtube_ruNwNBbWNDQ__c1.mp4,0
youtube_sH7XVS2kruk__c0.mp4,0
youtube_sOC742akQwI__c1.mp4,0
youtube_sOC742akQwI__c2.mp4,0
youtube_sQweshdUWdI__c0.mp4,0
youtube_sQweshdUWdI__c2.mp4,0
youtube_sV1DCCc-ZVQ__c2.mp4,0
youtube_sV9pq8XP_aQ__c1.mp4,0
youtube_sZ80Nov26HM__c0.mp4,0
youtube_sZ80Nov26HM__c2.mp4,0
youtube_s_evgZpQ5ys__c0.mp4,0
youtube_sb87wQFsJC0__c1.mp4,0
youtube_sgaFrZQrLeA__c1.mp4,0
youtube_t3JpvToe8OQ__c0.mp4,0
youtube_t3JpvToe8OQ__c1.mp4,0
youtube_t3JpvToe8OQ__c2.mp4,0
youtube_t4TuGFlkTFk__c2.mp4,0
youtube_tCtb0ALFEoY__c0.mp4,0
youtube_tHlgV3B5laU__c1.mp4,0
youtube_tdEa4sJC0PA__c1.mp4,0
youtube_tdEa4sJC0PA__c2.mp4,0
youtube_tex3bDv28yk__c1.mp4,0
youtube_tex3bDv28yk__c2.mp4,0
youtube_tq6Xt8SpCGU__c1.mp4,0
youtube_tq6Xt8SpCGU__c2.mp4,0
youtube_ttHhReJsoZA__c0.mp4,0
youtube_tu2EKG0NE-k__c2.mp4,0
youtube_uD_uytO9vog__c0.mp4,0
youtube_uD_uytO9vog__c1.mp4,0
youtube_uD_uytO9vog__c2.mp4,0
youtube_uXJQL2oDS_E__c0.mp4,0
youtube_umIZuKJfxXk__c0.mp4,0
youtube_umIZuKJfxXk__c1.mp4,0
youtube_untijI1IQvI__c0.mp4,0
youtube_untijI1IQvI__c2.mp4,0
youtube_uro_EqGkTDc__c1.mp4,0
youtube_uz2013gWNjo__c0.mp4,0
youtube_uz2013gWNjo__c1.mp4,0
youtube_vAJoNvfq47Y__c1.mp4,0
youtube_vAJoNvfq47Y__c2.mp4,0
youtube_vPjy_OTMcis__c1.mp4,0
youtube_vTLUEwbhUmM__c1.mp4,0
youtube_vdtI0o3ViZw__c1.mp4,0
youtube_vdtI0o3ViZw__c2.mp4,0
youtube_vgN4oe4kfIk__c0.mp4,0
youtube_vhklEQwhGKY__c0.mp4,0
youtube_vhklEQwhGKY__c1.mp4,0
youtube_vhklEQwhGKY__c2.mp4,0
youtube_vjzKhW5I8_U__c1.mp4,0
youtube_vmiNSjJx4f4__c1.mp4,0
youtube_vpEUeBPuwrg__c0.mp4,0
youtube_vyShGGc2X38__c1.mp4,0
youtube_w2I-rH6Z3SA__c0.mp4,0
youtube_w2I-rH6Z3SA__c2.mp4,0
youtube_wIiakebQo9A__c1.mp4,0
youtube_wIiakebQo9A__c2.mp4,0
youtube_wq7E2Sq9eqg__c1.mp4,0
youtube_wr9I3Zs0Sf4__c1.mp4,0
youtube_wr9I3Zs0Sf4__c2.mp4,0
youtube_wr9I3Zs0Sf4__c2__t0.mp4,0
youtube_wuuQjleI5TE__c0.mp4,0
youtube_ww8j4vLfYYw__c0.mp4,0
youtube_x5jlDuSX0AU__c1.mp4,0
youtube_x6KerViZqAY__c0.mp4,0
youtube_x6KerViZqAY__c1.mp4,0
youtube_xCO5WoMJb-U__c0.mp4,0
youtube_xKI9By1wQlA__c0.mp4,0
youtube_xKI9By1wQlA__c2.mp4,0
youtube_xL1OwgVHOww__c1.mp4,0
youtube_xRjvmSpeFoA__c2.mp4,0
youtube_xWLLYjVhoqs__c1.mp4,0
youtube_xlPhW4Z0LKY__c1.mp4,0
youtube_xlPhW4Z0LKY__c2.mp4,0
youtube_xnsvYEFc7wQ__c2.mp4,0
youtube_xpTM-3I1t_A__c2.mp4,0
youtube_y3tMsRsgroY__c0.mp4,0
youtube_y3tMsRsgroY__c1.mp4,0
youtube_y7si6iAo0Vo__c2.mp4,0
youtube_yJ8vyVGiLb4__c0.mp4,0
youtube_yJ8vyVGiLb4__c1.mp4,0
youtube_yJ8vyVGiLb4__c1__t0.mp4,0
youtube_yJ8vyVGiLb4__c2.mp4,0
youtube_yQ6lxhmQa_k__c0.mp4,0
youtube_yVJdFx36YCw__c1.mp4,0
youtube_yVJdFx36YCw__c2.mp4,0
youtube_y_Jto0yixeQ__c0.mp4,0
youtube_y_Jto0yixeQ__c1.mp4,0
youtube_yi6qZGpqKAI__c0.mp4,0
youtube_yi6qZGpqKAI__c1.mp4,0
youtube_z5HE3Rc7XJw__c2.mp4,0
youtube_z6F6ys62wy8__c2.mp4,0
youtube_z7yo-oNr9I0__c2.mp4,0
youtube_zPsT3ap1L7g__c1.mp4,0
youtube_zPsT3ap1L7g__c2.mp4,0
youtube_zS96fHY1Flo__c1.mp4,0
youtube_zU1x6UK64gs__c2.mp4,0
youtube_z_UkZc74WPM__c1.mp4,0
youtube_z_UkZc74WPM__c2.mp4,0
youtube_zcAhx-OZhvY__c1.mp4,0
youtube_zzIsNmAwJr4__c1.mp4,0
youtube_zzIsNmAwJr4__c2.mp4,0
